0.0771714772644195,0.0540960116670646,0.0480655677033427,0.0392453716901295,0.0365354527258601,0.0237642526988616,0.0286607671364781,0.0160218559011142,0.0286607671364781,0.0405324455924244,0.042389846256061,0.0616373103277376,0.0903496306312926,0.105062335116782,0.119252558064765,0.148753247002159,0.168343889890231,0.198438301553821,0.191593530453922,0.177546454789087,0.145966054001722,0.141137910008782,0.133856829048135,0.156654100613218,0.14944192312366,0.159415453407412,0.165266045506359,0.175510637802751,0.170615840011771,0.180414919211903,0.175802912173077,0.189166491198468,0.204050773948315,0.205554854062231,0.237750521780371,0.2417124109744,0.230402978269646,0.212795339360228,0.192662400842052,0.170012955299617,0.161495221099674,0.137638839536251,0.119252558064765,0.118605028076724,0.10960635817758,0.102839848796379,0.0877553189013753,0
0.0892623247267521,0.0839757574078321,0.058992984133194,0.0574195543369875,0.0478496286141563,0.0370641629489674,0.031739852894202,0.031739852894202,0.0270678374962622,0.0253196435279716,0.0253196435279716,0.0234414348972721,0.03026276232278,0.0438549090199792,0.0468828697945441,0.0612774233462929,0.0777464441017947,0.104833283840872,0.0966515120974926,0.135339187481311,0.138681399082597,0.156666436083981,0.164647227698465,0.176201019172512,0.17826796398724,0.187531479178176,0.188505675235832,0.205252040273985,0.209010332683392,0.204805354129115,0.215270155944331,0.224230527825581,0.217807809273182,0.22967821734795,0.222796421112537,0.210755751985909,0.194483872222428,0.202330953682838,0.196591525401514,0.181071492085037,0.158121123152343,0.160421187546043,0.1513138116139,0.139995944101494,0.140648609383632,0.118759655036709,0.126959411576808,0
0.0921973185212115,0.0805990014360041,0.0891486261236671,0.077539922169565,0.0649277946728371,0.0569921004722628,0.055766320620509,0.0545129848280052,0.0407259623372244,0.0398684776226467,0.0407259623372244,0.0371775470803394,0.0484735908691366,0.0633110813368518,0.075736421414535,0.101474955291864,0.116680652072535,0.151928401279719,0.151928401279719,0.18699973576143,0.188655446987238,0.212107599404048,0.213892092487659,0.229780099799775,0.236742462985065,0.238487517041,0.232916664863747,0.235425184033325,0.229930430270419,0.226600123028956,0.233952841986734,0.22629493753959,0.218842844844105,0.214537318968359,0.17338453694119,0.132489845225088,0.125525846257987,0.123303974291259,0.11215055533919,0.0835461461403205,0.0831315225083377,0.0766434767568063,0.0705394359552092,0.05994699340224,0.0654578262809241,0.0498789135050026,0.044767694937541,0
0.0254479564786027,0.0243645633696178,0.0146923845232472,0.0127239782393014,0.0127239782393014,0.0103890847281884,0.0103890847281884,0.0103890847281884,0.0127239782393014,0.0302891266407691,0.0328531705455465,0.0648798133327276,0.0827873823392294,0.103890847281884,0.11799731993627,0.13625156885772,0.161616229755719,0.189440622874955,0.18306616782596,0.17165585118669,0.144329777688005,0.138022421667252,0.129967408426509,0.143767816653223,0.155142119271825,0.155663023208428,0.16311193882471,0.162780746729048,0.165574764678459,0.162116332745,0.174616996654899,0.174771456655605,0.191424348413877,0.195607457393678,0.242424344633578,0.250094423614665,0.257536169450591,0.237930454631664,0.216556976122169,0.19156525704423,0.171498585142509,0.155142119271825,0.136449465213077,0.129134275427263,0.118681368101218,0.0957826285221151,0.0896717044053809,0
0.0539672313163468,0.0399975386887341,0.0279175796660404,0.0256189281078981,0.0202535410082665,0.0202535410082665,0.0110933212795835,0.015688325405349,0.0239643128990369,0.0429642485699552,0.0524249910500963,0.0847266407869263,0.111853836156355,0.145205318295852,0.161521195904924,0.193630631348299,0.22186642559167,0.245561134416482,0.225988135662041,0.185626769522547,0.150749488075064,0.134956078032021,0.131414114059433,0.137813403746496,0.138703488803342,0.147864720997976,0.150885482228182,0.155042146236722,0.14744800418723,0.157925679169383,0.154379286654662,0.162407637975922,0.163414826780244,0.174462831326091,0.224257098450852,0.224348538657894,0.229768366704762,0.211840808195835,0.194792319951408,0.171618138022237,0.157274973150289,0.143928451427657,0.131414114059433,0.117923622749485,0.106595985278278,0.093473986583735,0.0820205897523661,0
0.0585401041100945,0.0383234940393005,0.0388998195224178,0.0258376944104073,0.0283037761250104,0.0240535844616316,0.0188691840833403,0.0200137920311808,0.0283037761250104,0.0394677301396096,0.0481071689232632,0.0819778646218129,0.112821311639081,0.147674724016071,0.162729620168984,0.201357270902234,0.219747021353111,0.248005978056956,0.221461850829895,0.193466656301414,0.15488255719914,0.145855253423612,0.132420809609256,0.146767808228659,0.151541987462645,0.149024749570969,0.143238112846504,0.148276252876879,0.146767808228659,0.145702605288203,0.14976950558165,0.16163193735265,0.169953642235599,0.178011526619535,0.221963691153496,0.231772424028662,0.225741221763653,0.213480448332595,0.188691840833403,0.168771113161224,0.152566425889194,0.138499039949513,0.122286289234653,0.1112321997085,0.104634687461222,0.0869826407645995,0.0757709937313223,0
0.0509018503610472,0.046166060162778,0.0365689688312704,0.0310028517195373,0.0250370614169876,0.0171035690442786,0.0193936243811931,0.00646454146039769,0.0250370614169876,0.0354077518178721,0.041393262108962,0.0817707001737916,0.103432663366363,0.141187716646515,0.156356398434866,0.197142018739478,0.212741370883842,0.245652575495112,0.218172288519774,0.188361252790821,0.152568656791992,0.13940045830749,0.128642750795012,0.144262148722435,0.144406917598525,0.147272413493401,0.146418653177838,0.150777721111248,0.149943920869577,0.15366039634746,0.155148995049545,0.160054527045417,0.17030110283695,0.182387159222868,0.223844958074886,0.22855605519544,0.227088585415053,0.210271570779805,0.199145653184415,0.169932618230291,0.156356398434866,0.142806388481335,0.138044830072334,0.119024831205068,0.11065512556546,0.0967523972296137,0.0869715104449114,0
0.0596390258233232,0.0560010271502105,0.0419438201393617,0.0349835643186973,0.026237673239023,0.0222977346395082,0.0205109326769018,0.0247371155598266,0.0239516091491042,0.0333033610356994,0.0410218653538036,0.0825085714286698,0.103482778803305,0.139660680752563,0.147388376274446,0.180301163558223,0.213245558235664,0.237189469047155,0.218121892307081,0.186556232551407,0.155347313141585,0.146346749255689,0.131770135639676,0.153738735295487,0.159717308687272,0.157668793686945,0.157182910270618,0.166516805178497,0.15791117475807,0.162447716876067,0.167090014464651,0.179344087808743,0.182619567130693,0.196149884580889,0.218559800582279,0.227477247633685,0.221945834249547,0.202576436640946,0.173821147324263,0.158153184363298,0.145954222623195,0.127492175407844,0.112682924123709,0.10941106245112,0.101429715318428,0.0981723838865514,0.0979774037856671,0
0.0887939338056565,0.0743513037028819,0.07092023435611,0.0594505633072361,0.0530034962088202,0.0550992990550249,0.0425734326543347,0.0349776441228093,0.0368696742049598,0.0322829037043537,0.029341713562559,0.0329772391322243,0.0530034962088202,0.0659544782644486,0.0767503472038584,0.107703211999589,0.120038962363837,0.14007241642561,0.154236912993122,0.177970188543844,0.175017719499331,0.187999188230899,0.186911430663518,0.198777358524092,0.198206650029252,0.208240233249385,0.205722650362505,0.210942659207998,0.203619431089929,0.210512602370842,0.203396774455712,0.209865864736856,0.209325390327479,0.206821017220608,0.201943522499229,0.197634293506522,0.178097446471112,0.168958072892589,0.168689672289618,0.146862916690636,0.132935500855635,0.129306946350738,0.125573585444418,0.109992811566124,0.104932932368428,0.0944804135906902,0.103191185969745,0
0.115665374323557,0.103214500591636,0.103214500591636,0.0885742865891485,0,0,0.0802588923482905,0.0648979455099034,0.0426242942074718,0.0287372932922702,0.0314801275556366,0.0272625901775558,0.0301399274773938,0.0363501202367411,0.0480866891368566,0.0636127104142969,0.0667794350016244,0.0982966667871384,0.0749376926199928,0.0885742865891485,0.0776438908613646,0.111299058336041,0.109050360710223,0.126900451151429,0.13751928370247,0.159485505277412,0.172902051268132,0.200955681830486,0.200132089505029,0.214665849724032,0.218479040388941,0.216390101115855,0.216580837249066,0.24111941981915,0.232576864042128,0.242825877203583,0.234521668329417,0.227369929438677,0.205828042117185,0.191054378486481,0.185349972408587,0.178078493337665,0.157662753926079,0.147374971679878,0.134483163869216,0.129795891019807,0.115307829807138,0
0.0541839881113362,0.0324151938546174,0.0364538491807648,0.030952092284883,0.0266607942109238,0.0157236786044071,0.0229210033880765,0.0200438360073332,0.0242318161417976,0.0360274737039265,0.0455036847591271,0.0805598802595657,0.0964478192633594,0.126402142781419,0.145178181452525,0.179965727348193,0.204332213265152,0.23122363069078,0.206064192245506,0.182354002590992,0.148128402444817,0.13491704236095,0.121413884525044,0.133997665093731,0.143357357584276,0.141731323617764,0.146027183903261,0.153255461701028,0.151633665138999,0.157825322547143,0.158801369714427,0.166959998991873,0.176410284329128,0.180907738542715,0.226087690367492,0.237747532041666,0.247366998691287,0.234475320794239,0.204180912086859,0.186045074214977,0.1628368934998,0.146344289996355,0.129422208932258,0.122427796779634,0.111599355816039,0.0961268605720793,0.0843088339355508,0
0.0523988205906772,0.0453787097598696,0.0387758016047323,0.0313142847326788,0.0261994102953386,0.0261994102953386,0.0180793107198927,0.0180793107198927,0.0235725371859061,0.0374900566451644,0.0481738152978942,0.0820569705009415,0.100661341930749,0.136854530728428,0.154257951044826,0.1925255603562,0.218078758189524,0.245506122518411,0.218826886486993,0.187537449137636,0.148866410180456,0.141088142290135,0.11924124374825,0.131991350763876,0.143386145938491,0.147432317220741,0.148316476973944,0.14281511162703,0.143841341197643,0.14842662661926,0.154681156095338,0.161706271024083,0.172181113606728,0.18578636084718,0.220315521926632,0.234822339267698,0.238756447940073,0.222603233978606,0.207872766713847,0.169116466257169,0.156048646164998,0.142241784898066,0.128477642192619,0.117306726763986,0.108174122804902,0.0918315092086904,0.081657664138592,0
0.050553256469782,0.0463731669204832,0.0330275404092027,0.0267735604047164,0.0255830227942069,0.0236852767158161,0.020888450641266,0.0176539629341526,0.0243343085751953,0.0339580757248936,0.0483473686419773,0.0826160197506604,0.103392555678438,0.13281600902027,0.146005851451172,0.184987924793462,0.206256923747493,0.241091349819526,0.220427242633527,0.184987924793462,0.155415046132071,0.146538526884986,0.127915113971035,0.143312779052604,0.151865131411895,0.150732178020301,0.152070216085229,0.156414510105406,0.150835525429097,0.156911854794831,0.157803125259631,0.170705697270831,0.171525307891497,0.177858748277851,0.219222132100395,0.2251139876236,0.230450155566417,0.218010360098474,0.198243863859799,0.165326323126398,0.155113951152208,0.148440332102588,0.130567735977307,0.11656963994723,0.115495242463067,0.102787915665251,0.0908793364463644,0
0.0642752078478299,0.0500126452448877,0.03672869019876,0.0371093085531638,0.0270315840640739,0.0224916374769309,0.0231079608354158,0.0175825218143387,0.0285485346339418,0.0363440859857427,0.0417427125352493,0.0768235672906409,0.0980387748366939,0.128441057602114,0.14518289562848,0.184254578975752,0.21118996864287,0.239206903469864,0.213834905379064,0.184863686683326,0.154194897939274,0.138951484467393,0.13007177534581,0.148531870648289,0.149286802427071,0.155375093946905,0.151343448902167,0.155916786794989,0.147201424015517,0.156366764027274,0.156186928701497,0.169310896072803,0.173492041619851,0.183107040852803,0.218964815591661,0.229370596775051,0.23469987484393,0.222845104095453,0.193988109574207,0.173248885170127,0.156905033309406,0.137016558056759,0.129421953918747,0.116869976566394,0.108774193079502,0.101835219870487,0.0919746343879956,0
0.0717405801319696,0.0610485752300922,0.0492489738903007,0.0395938920748591,0.032631836065957,0.030765590086408,0.0302810623236245,0.023074192564806,0.0343969754005509,0.0348242834043108,0.0414194432510126,0.0767214493190325,0.0962193522542387,0.120143470000722,0.128010366948851,0.169123320646119,0.197295965644589,0.226276156930987,0.213219634179013,0.188948694323636,0.155072765845752,0.150031547400317,0.135092998764524,0.150031547400317,0.157532890067156,0.162614406921347,0.164423299129821,0.165767015010524,0.168773168467916,0.169298125158566,0.174545586753668,0.183549042024758,0.196168336106687,0.195942031471334,0.232466048694323,0.24273641146718,0.231062178301346,0.212872540290766,0.189261523501945,0.167365234227473,0.156402256626619,0.143274860861391,0.0617710687245833,0.0483396838580328,0.0572996210184626,0.0715341319913362,0.0859924385013773,0
0.0962210317257485,0.086882600122351,0.0716219395649228,0.0698532236200492,0.0629441429738051,0.0547973769732295,0.0512582525819301,0.0387475968490061,0.0370979995836525,0.0281494764949788,0.0273986884866147,0.0433211302595672,0.0496043231294784,0.0668013763972309,0.0722018837659453,0.103326924930683,0.116958137548343,0.143243879129846,0.147121858010106,0.180706761603475,0.186610793603331,0.202474474737377,0.184814257974833,0.20113117428724,0.197046335464851,0.206249834128187,0.203194112102837,0.215059828502867,0.204625794413676,0.20350174908763,0.191464366711085,0.208362177223112,0.19319907364828,0.198942068077401,0.19641035854353,0.19481133309147,0.18872196829253,0.178617595881337,0.163118741249336,0.153095237153226,0.139108129941536,0.12133354170487,0.120124494044986,0.110918638495379,0.106506956364868,0.0977262565508941,0.102922512713795,0
0.0848089240090675,0.084252793919188,0.0747944406289892,0.057364717322858,0.0643186875566573,0.0535501578502963,0.0503840086380442,0.0362806328143896,0.0356268741713226,0.0306627311873244,0.0399793101812975,0.0499153099984885,0.0609409729268507,0.0705909083699198,0.0732062673412383,0.0891331367038582,0.101696774395884,0.124174597142106,0.14118181673984,0.156199455909186,0.16682329358467,0.180363595832883,0.187394197301836,0.197292695435125,0.192590268857277,0.211439486940907,0.208641804974461,0.206945042149121,0.202582982036389,0.213320953633533,0.206262428825372,0.217791748193189,0.205920273606952,0.215076711259524,0.196934956799135,0.202930764235825,0.19895363739013,0.19344271177243,0.17734089532683,0.148484889186275,0.146733263510814,0.126611463066806,0.125679798730547,0.105775312327626,0.0967213558862149,0.0914757205295942,0.084252793919188,0
0.0536537153462289,0.0377150756499736,0.0398969105410646,0.0313393032587386,0.0217748090790194,0.0260258747740382,0.0253668849066302,0.0130129373870191,0.0272961677443797,0.0349173751011879,0.0483409168743315,0.0816814523247237,0.0996148644083549,0.1333429287253,0.146994361906673,0.181808945045043,0.207473729241226,0.233000632067762,0.209261628347843,0.185679615008419,0.14314231125721,0.134983745849567,0.122349295406069,0.139183691974894,0.139669500404752,0.146994361906673,0.150298018486916,0.146763782373495,0.146069859893301,0.154739092270186,0.155067045500532,0.164910424879144,0.169667945424413,0.187404371025707,0.230516390037227,0.240651400344898,0.250376490310343,0.229633182230144,0.205917142257257,0.172930138682751,0.15969371571679,0.14373259133368,0.129868854341881,0.117980776153758,0.107149509443249,0.0972058583659811,0.0827115239450622,0
0.056594359642893,0.0444481028750754,0.0354573199832662,0.0319022063625157,0.027355916270479,0.0238483349061956,0.0225582664537475,0.0197266317601023,0.0225582664537475,0.0350326661017375,0.0513242483197859,0.0758109389889115,0.100437573494015,0.137543414231055,0.155134819897785,0.184079096853186,0.206966987493306,0.242343158030509,0.210622790951618,0.17913426005734,0.146909166188249,0.135901372713219,0.128193921711383,0.146909166188249,0.142566060371082,0.142985373218838,0.149434431323989,0.15073085041133,0.153583432718245,0.149834524225639,0.156957177034108,0.157528278412848,0.171275127429234,0.178044778428608,0.220278833958315,0.234049008854585,0.244862193771101,0.226509629787843,0.201396031740603,0.176185693259397,0.161283949442316,0.145578717914151,0.13699825388426,0.11708843478138,0.109560359282722,0.0957066190875472,0.0883896705400209,0
0.0615315136140015,0.043675101040147,0.0412940953665137,0.0294457471143353,0.0313473915906503,0.027412498731513,0.0263370768783688,0.0201152747298327,0.0228085776380912,0.0327011339535758,0.0426709415006854,0.0777204119118373,0.103828448995491,0.132887017942206,0.145848127518244,0.184202703123896,0.209665298922483,0.237885677113446,0.216914783086325,0.186386384677271,0.151866993830223,0.136322467073119,0.135684946196243,0.146835600729586,0.147228735571677,0.149275707984319,0.153758311961044,0.156552452935849,0.149081969151241,0.157381022131538,0.156921246033313,0.165088870794235,0.176837994505078,0.181992822065149,0.21777912127828,0.232726985351898,0.238613528922756,0.221137364784982,0.195764397738622,0.170344771098095,0.151676564922933,0.140909514687546,0.131025303120441,0.11315241141086,0.106031950686923,0.096169407366869,0.0915505482789339,0
0.0936877053613584,0.078868212224192,0.0616541175942415,0.0512474829927965,0.0484752659245432,0.0389934877451328,0.0439905870214584,0.0321978128124675,0.0415671976023302,0.0512474829927965,0.0705418735188692,0.114894020045193,0.141572773623778,0.189393216844669,0.215829443007994,0.212277781179781,0.18847871021277,0.249125916839419,0.229788040090387,0.206166595611837,0.128253498374065,0.138612737191083,0.129326768117927,0.132233350540221,0.130391203915256,0.140838596988,0.154191332996357,0.136096870445281,0.124978400234844,0.167511164774594,0.168949055223059,0.16438762476,0.158173974316515,0.147314523626763,0.198306465905159,0.180231073986729,0.179847194799054,0.1796549476091,0.198132130516818,0.196028012853286,0.191209108970719,0.144472175699873,0.0987166247859141,0.114290897663919,0.0899235973995271,0.087192089277922,0.0610910544978895,0
0.0364090003493377,0.0325651999095731,0.0230270736867547,0.0199420307875457,0.0175872180338132,0.0115135368433773,0.018801526934006,0.0175872180338132,0.0162825999547865,0.028202290401009,0.0297278243002306,0.0474715285296853,0.0734223098214352,0.0811411692996169,0.0974691901550067,0.11202302546477,0.145027915228359,0.18871900955204,0.185650203251679,0.138002439238685,0.129409968850939,0.131946002937641,0.10489331267262,0.132113340992124,0.149084371988744,0.161600190398496,0.169213742406054,0.172190579554549,0.170514405221011,0.191277239779569,0.183976567777128,0.196967868703894,0.211778149332003,0.224243187836073,0.256935093478131,0.25529607497937,0.255382601358732,0.231323736791573,0.208730822843516,0.186836478601483,0.16377306361832,0.147445213640811,0.132113340992124,0.127691300679366,0.116090865053143,0.101684804126364,0.0999314864052707,0
0.0903497715819646,0.0759788570761007,0.0756814827175069,0.061915193474383,0.0545581630357525,0.0507020126563394,0.0430011133237243,0.0342432081298789,0.0355358564771792,0.0300332802971099,0.0314991701151832,0.0328998101892051,0.0419391935370639,0.0651106001308729,0.0704342856123795,0.0947358398800447,0.107869241388459,0.13279329592138,0.138446581448772,0.172658713752384,0.170556246131016,0.181322432095436,0.181943188557184,0.199331403983618,0.195793033149044,0.200796681410807,0.199331403983618,0.210875550319271,0.208509712014836,0.203363233844785,0.1983106390178,0.207642724010133,0.204799666824245,0.206663014997643,0.199444499824764,0.199331403983618,0.191954721881971,0.191954721881971,0.170556246131016,0.16681317693377,0.153874772272375,0.135316510026371,0.122364886964027,0.112974646025015,0.116124368608838,0.112774867537973,0.0993824797596752,0
0.0841216275712842,0.0761358327961969,0.0702205763892593,0.0601124402825175,0.0505921572908568,0.0513307679997203,0.0406963144542965,0.0416109525757498,0.0324644281849603,0.0306760012261861,0.0324644281849603,0.0312835057702638,0.0388024133523464,0.0486966422774404,0.0604247148008859,0.0806959602118003,0.0946492595200817,0.115106559679733,0.130724403423072,0.154114471653441,0.163477473233784,0.172113964490648,0.183030617722149,0.197854262858107,0.194205981919345,0.200687642351491,0.21030406892821,0.203481572271483,0.212263742577113,0.213060232214474,0.211731084917988,0.220355349023832,0.217085545178731,0.211018783202242,0.207329831187264,0.206237655910722,0.193234460158548,0.194689924812515,0.17728499516611,0.163016322884262,0.149401889061521,0.137187248039238,0.129857712739841,0.119281925766572,0.11212487593937,0.0989271314290537,0.0861116389559755,0
0.0558651330437974,0.0459383468191553,0.0349090569077846,0.0327112724476329,0.024381542941141,0.0277992360874883,0.0267086421112876,0.0261462919286714,0.0255715779687092,0.037771723906352,0.048763085882282,0.0778684036637786,0.102431501886704,0.13888921914385,0.1548755833574,0.182210237586286,0.217802385129314,0.248344895769543,0.207458134716879,0.183429592510025,0.142167604011898,0.138460547691933,0.125155948374918,0.136187887307021,0.141539004304915,0.144962574961061,0.143105326479379,0.142063030548677,0.145269807891282,0.149405352444151,0.151479840100791,0.156213213479617,0.172919980628013,0.183672492098905,0.229562293829596,0.243388378412782,0.248703689449197,0.226695909863161,0.200611359025631,0.172317320161746,0.153429467812255,0.138782175413771,0.127857889843546,0.12299999081729,0.106416427629539,0.0961449288458077,0.082140835585989,0
0.0518024210041426,0.0430767379865576,0.037017471356728,0.0272441212415635,0.0272441212415635,0.0213720470525262,0.0213720470525262,0.019264502877378,0.0238946750138863,0.0311548445644126,0.0468847379428965,0.077978689469014,0.103880021356196,0.134533598630268,0.155590851101264,0.183382874330547,0.210082982860791,0.232344231603712,0.209197845630816,0.185241532034683,0.145345633848121,0.13881551758773,0.125759561005647,0.139635705035485,0.140755659362129,0.14661676012593,0.147296669251994,0.147490353318897,0.145541914334373,0.153187045157842,0.150460577354545,0.154301147437737,0.168537935870406,0.183693956614084,0.224470092322336,0.234727938628653,0.244205449059413,0.231605847644458,0.211234873677629,0.177609940725634,0.162237629033116,0.14632440338413,0.133254327749602,0.122307129568575,0.114220545605157,0.0958769182530904,0.0851535951915382,0
0.0537316114036753,0.044632828547881,0.0360442606917663,0.030866460780785,0.0326836632538821,0.0257687755768135,0.0186131761847426,0.0131615030996514,0.0201045280711829,0.0364425519064783,0.0443082218503991,0.0771193704066188,0.102513380946535,0.133250063016191,0.152828420976099,0.185821283296251,0.209070521617703,0.235010545305951,0.209277556349026,0.184652339319761,0.15150027791751,0.146560295839032,0.130292233293198,0.142768440532532,0.149389341236231,0.150736085009396,0.14793279678756,0.156561044591757,0.156653220663676,0.155264833863618,0.159121792290032,0.159031047034696,0.172360423528506,0.181816213339755,0.22490386355486,0.232043433637462,0.237637125492916,0.217397329487421,0.198879559224389,0.172025091647598,0.157388685836769,0.141855524623921,0.129848306165185,0.118209545088086,0.11245193177743,0.0947567288331051,0.0899101828454352,0
0.0584733334111003,0.0470701254161627,0.0366100975459044,0.036234599439748,0.0239669347434034,0.0239669347434034,0.0202557568711881,0.0202557568711881,0.0250822656974574,0.0408477146418301,0.0431277997559799,0.0777497467090644,0.0975646448517733,0.134259663178947,0.148111926261324,0.185647078241683,0.204773580211419,0.237260549138424,0.209135172012914,0.183349102100508,0.152120599243995,0.139554177946386,0.133749362346578,0.139652145089337,0.151309283596537,0.15541151632853,0.145503461881543,0.156026314216111,0.155499493418129,0.159408216577969,0.159150621661632,0.163139552304403,0.171875796500197,0.182226775076106,0.223915459227576,0.231660691064213,0.229644665142591,0.220840396198282,0.19294428025106,0.176197919793248,0.161030082227017,0.142559857606911,0.126063950388349,0.121196475089021,0.11811034390958,0.103284499548779,0.0901324280778496,0
0.0714956423767789,0.0658633072594116,0.0475993075163799,0.0386269651968454,0.0319738232898984,0.0278145939341311,0.0262823208456988,0.0235076224069769,0.0257513101312302,0.0324030213303498,0.0452178145374951,0.0786715519470972,0.0969244101911021,0.128218942668635,0.147087101353638,0.179568078901046,0.202970317046907,0.235252465172173,0.208675669221031,0.184051322946448,0.150705678696962,0.143666003022299,0.137273243616187,0.1523468052557,0.157781508488373,0.163458287792091,0.159609658691625,0.16379601188725,0.166887563604786,0.166721918339547,0.155754630309834,0.159696191448695,0.178022713856921,0.183525138794138,0.220082072144057,0.234310980793904,0.22332241286628,0.206613145860665,0.185099203931832,0.168453069967897,0.148675258362513,0.130356072241732,0.117655591436559,0.120784350875623,0.114682508724087,0.10604517496572,0.0977758854946439,0
0.102024789665821,0.0863526554625262,0.0715067921909349,0.0689056691026052,0.0591618267412779,0.0529159465066249,0.0434398682927611,0.0444784181489448,0.0370082809125112,0.0365947675884503,0.0374172246077391,0.0397827066050804,0.0437887885027558,0.0652764718296822,0.0710798821534212,0.0977591640279761,0.10824878234863,0.134796873940946,0.140328148589597,0.17128966974623,0.17217580949204,0.18789778031184,0.182724157810557,0.196682368870458,0.201799790852271,0.203900365725338,0.20419868390348,0.210293312616891,0.202101209677248,0.203900365725338,0.198453970918114,0.207011266541911,0.205905626092602,0.199372035822799,0.194816565092846,0.195128771326941,0.196991618069098,0.181554443818168,0.178937153748119,0.158651948336543,0.141085223093386,0.137147183312057,0.118323653482556,0.116509163570969,0.111844225386803,0.101726034149876,0.102619691440491,0
0.114533892024851,0.103839340789761,0.0971647764821176,0.0935165312386363,0.0815989282599208,0.0742666005032583,0.0646058282469799,0.0503404558052788,0.047286624374346,0.0498444786279227,0.0345332677841372,0.0467582656193181,0.0517999016762059,0.0718867293966977,0.0837031133239632,0.102636063304685,0.117742745157683,0.154598257163567,0.168441891486214,0.189802119905171,0.192789268019135,0.211589665001398,0.196869916379205,0.144806574779527,0.179024270536131,0.177210966669883,0.168294329573101,0.179024270536131,0.159968941084828,0.166960403681578,0.134856721759528,0.175944655329824,0.16888380363562,0.19636447288443,0.212410010174568,0.213460107259657,0.212410010174568,0.212175949486205,0.196869916379205,0.169471227334937,0.166364114620733,0.153954094957027,0.137953093117266,0.133746771018085,0.115613405915271,0.0979288625064196,0.0929836691732438,0
0.0536934009552596,0.0477078386983755,0.038953287180675,0.03116262974454,0.0275441335149623,0.022713474369661,0.0174204396166121,0.00954156773967509,0.0301730865061578,0.0352737017817483,0.0495794403269322,0.0761334997483246,0.103354750343408,0.132670115524521,0.153951749108783,0.182457795922872,0.202631989660553,0.228466923704498,0.19969021893847,0.173418704581745,0.141417064434015,0.130478976437054,0.123550100512837,0.129075935915018,0.140987224338093,0.149349158544828,0.142911323960506,0.151967751910666,0.148636270662792,0.160608517510941,0.1558131487227,0.162673703078345,0.173506179343717,0.191545635599237,0.227934986024191,0.243200817295876,0.245127313562429,0.236623185006134,0.207588496150235,0.181038519036947,0.159945821125646,0.143863723922805,0.132211840871819,0.119935646740524,0.119809065547746,0.0969929028822051,0.0822643256613912,0
0.0564401199198851,0.0452953604818565,0.0363701392805686,0.0243701534955075,0.0298472205086486,0.0259786709146919,0.0194406571853053,0.0214225608388872,0.0220436332439908,0.0374669720205306,0.0492910624046377,0.0837786963489892,0.107238745218766,0.13922240967755,0.161820221507578,0.197574581487206,0.222265710964491,0.244420501671927,0.213468178999085,0.184795838508851,0.150497021412697,0.136875796500439,0.12705668385588,0.139899424345928,0.146589700678474,0.146405426940414,0.14878318464732,0.151034192738904,0.14995792587221,0.157079685133296,0.154916545724082,0.158107480297336,0.171065158961531,0.18043491447584,0.222326431006865,0.226893612967469,0.237985044618532,0.222811595644949,0.200153816077624,0.169081037576778,0.157251450832655,0.141911090687151,0.130204725426713,0.108490114817401,0.0927987797884306,0.0870963758696708,0.074572814497975,0
0.0542755082640593,0.0365925402067514,0.0362583547574064,0.0287707161596371,0.0296048226894869,0.0256385285236296,0.016364681474338,0.0148024113447435,0.0226110568183866,0.0300131843619556,0.0470686681908324,0.0756388896743105,0.0968147612271961,0.136292978614001,0.155405737977162,0.187562121987309,0.210034342031543,0.233317392145945,0.206350781828638,0.179673064829422,0.14368424162142,0.137271915624548,0.13082443760762,0.143938175678063,0.150874908382097,0.15271931537264,0.147116740591078,0.155484047751836,0.152878646991742,0.15271931537264,0.158200470677879,0.165422419862922,0.175699627487393,0.180686457326578,0.220826753960564,0.233108606965743,0.234929186051705,0.224598105937039,0.204394806103337,0.174028911625506,0.159731972704521,0.146536396156931,0.13575603767444,0.115399752428767,0.116971314845361,0.0997867476628517,0.0806244647818723,0
0.062155439526274,0.0487587383108319,0.0401211636935769,0.0337517082648779,0.0302703682772676,0.0216917026839612,0.0238660617907252,0.019905671560572,0.019905671560572,0.0378992695312911,0.0428087653557401,0.0764491822329784,0.100887591368437,0.135006833059511,0.15102423961393,0.193056795273022,0.206446382784572,0.235158783152384,0.205785560425515,0.182574185835055,0.145767426556394,0.140225531212273,0.13241386782461,0.140402026601467,0.150202109175579,0.153625494210826,0.153221959250082,0.156024788165344,0.152411684087082,0.158856114086505,0.163390282295758,0.160869972627322,0.173033420575213,0.184060200759737,0.221995096082092,0.230424807425691,0.232617596094701,0.219865328676075,0.201099011144532,0.168758541324389,0.156104129532367,0.144658912928476,0.130625045174898,0.116919347114022,0.112493464671768,0.0976443699435564,0.0899892679749572,0
0.087230029886526,0.0689215200967154,0.0615024186659299,0.0439915544322457,0.0482815167091445,0.033816576891,0.0344607600483577,0.0273443390531706,0.0403407373255153,0.0491840530731918,0.0607830673854831,0.0972438622967964,0.124250037345815,0.165799409086653,0.185339713200471,0.23447577296379,0.265361941294156,0.292860146566358,0.267918712135707,0.234850634550791,0.184983404546938,0.177459592887143,0.149917875712432,0.13313599635593,0.135591077077254,0.136721695265853,0.142703118938657,0.157919041427309,0.155957238044671,0.147701126606551,0.140685463778274,0.139113509817172,0.140997751540509,0.147403041284342,0.171536296202433,0.187463343824795,0.176963201445183,0.163931938641271,0.146204622690217,0.125307503539691,0.111567111047196,0.11733163930494,0.0983681061463835,0.097017450203109,0.0981442876398856,0.0906909127796289,0.0759064389469703,0
0.055242717280199,0.0487890468624875,0.0526981936063752,0.0462193733054658,0.0471993983343538,0.0413398642353842,0.0409690956316465,0.0370579413300982,0.03125,0.0253153933531557,0.0276213586400995,0.0307578432578586,0.0427908248050911,0.064423525400276,0.071602745233685,0.0982016022654417,0.11020887484114,0.128134527084818,0.143631064928517,0.167559457730681,0.170359081932473,0.183552189444855,0.182802483699962,0.194137088121706,0.194451226010213,0.206033859285009,0.208975248048363,0.205143218835951,0.204173974146437,0.208975248048363,0.192241481240067,0.1875,0.199945060813589,0.200554650828022,0.20714177474317,0.213024971944312,0.206477738850039,0.194686496787142,0.186357194404321,0.165174800873953,0.150174865521415,0.140407818403214,0.134977754243523,0.116141162088426,0.1171875,0.115217821904317,0.109514420069345,0
0.0979404213748784,0.0939346063097045,0.08149135643254,0.0750084542981408,0.0634629592204368,0.0562734165597019,0.0523093922775364,0.04074567821627,0.0399840095936045,0.0337276073456705,0.030872053493356,0.0341803471650729,0.0429497159905733,0.0602317768060968,0.0669978859288302,0.0944242774276972,0.103881504159667,0.125464150861213,0.134453878396924,0.156044067392695,0.167907207561509,0.180950369825979,0.191515925259467,0.201604582167376,0.199381075165393,0.206873226893103,0.208796294308007,0.204782035890485,0.200073773517817,0.210920570200088,0.20798485889863,0.211066283910179,0.2065013530945,0.20342634734063,0.204105317196543,0.201452024762125,0.194621145807376,0.190792158938567,0.16954714324401,0.150221709932045,0.140492190919206,0.127167912785347,0.122613729022968,0.117491876921218,0.112273328867922,0.0957178209542621,0.0894069634643034,0
0.0536834738563828,0.0424042230667916,0.0332930771580157,0.025306632267666,0.014037593884674,0.00992607782739582,0.0148891167410937,0.0131309667127808,0.0192217670593314,0.0297782334821875,0.0462921452032906,0.0741139758934183,0.0924511713004831,0.129800310466014,0.141598901057629,0.171853060942762,0.20306047942267,0.218768143174465,0.193431218365181,0.170341444443096,0.140551299238469,0.127309445683904,0.120449590482825,0.139319141341013,0.145629465692543,0.148144841070021,0.1475617553733,0.154891347796282,0.152971132884397,0.161737206866356,0.164904389892456,0.164455669632427,0.177007323829538,0.189637450620821,0.229483534798218,0.243947372819331,0.250080040391663,0.233157208458901,0.210095467404493,0.186428020078204,0.170413730227993,0.155921590681067,0.141946383545914,0.123877292214038,0.109299594237841,0.0932470353758475,0.078315433086085,0
0.0658807845868412,0.0542782456065775,0.0413498052874061,0.0336318702067354,0.029012942659283,0.0256440606206943,0.0240562612162344,0.0191902577696599,0.0235031697840736,0.0366270447079805,0.0512881212413886,0.0842749828079053,0.107582870727984,0.146328524345177,0.166192507336972,0.197509216423919,0.226307926900004,0.24963146236676,0.220538921337971,0.188304950037842,0.150930057161859,0.146508178831922,0.132259724331085,0.144883268931101,0.146597923513436,0.148912302169343,0.151365140385446,0.155141268305094,0.149177035359964,0.153436367446635,0.157830808060606,0.164282185168193,0.166666666666667,0.171949115486234,0.214921095849331,0.235087651108483,0.239081875301419,0.175956381379443,0.170258023637051,0.159241150798856,0.152317948961236,0.142226315834394,0.135112809831161,0.118740585308169,0.111426320570254,0.101415694533159,0.0879408088351811,0
0.0588741385429415,0.0428691603098213,0.0391835156140372,0.0285341837407724,0.024115786793719,0.0289389441524628,0.0231310501029612,0.0221024836851268,0.0268542036583351,0.0394792444555706,0.051043499621469,0.0782184680020952,0.102881462580866,0.140037780412192,0.156734062456149,0.190560499637638,0.220339650302291,0.234903113780744,0.20722744844904,0.178195920347056,0.145176235307048,0.136163464207701,0.135220551947782,0.139538535399115,0.148894234618288,0.152826366490973,0.149673382976526,0.154039293186344,0.144292231190553,0.158725118366636,0.156213720286208,0.161845499219201,0.173096928963166,0.179885018964675,0.223432471818357,0.238782825533074,0.234357806671572,0.224263851330026,0.195501553621799,0.173633664914777,0.15388820016991,0.140617992700521,0.127060677448217,0.109984909836515,0.110090613762725,0.100247443178928,0.0839561946069673,0
0.0632213967750104,0.0439866671152792,0.0397292260847769,0.0326993338746405,0.0285423186009855,0.0271714777975481,0.0241979279044223,0.0188789692148452,0.0271714777975481,0.039407526651933,0.0465182880184012,0.0833672707541388,0.100152633006661,0.139919237688591,0.151704504281002,0.189999464036118,0.214957486442312,0.233465436370426,0.2066856089254,0.182829648154776,0.151200221984988,0.145450350569023,0.130991829785176,0.139737169637901,0.150778698382587,0.150609758611459,0.149421832107584,0.155598182178817,0.151872226282786,0.156576796745311,0.15843557994936,0.15698275230542,0.177028539703783,0.176091301998455,0.220280325014729,0.228672784481506,0.234118792413816,0.222636946116244,0.194567251814418,0.175729494955026,0.155270606695093,0.135388104721957,0.132633516482453,0.118114860042811,0.11338613441958,0.102910793236483,0.090821101650947,0
0.0738541988377083,0.0552469636745051,0.0435144940393311,0.0421955654924826,0.0356617617066474,0.0327708974633235,0.0327708974633235,0.0254953192673563,0.0314507175967451,0.0394255609813379,0.0431885381835486,0.0777684464829399,0.103903031368921,0.136574149473165,0.150644856987952,0.1875777026424,0.207397665233244,0.235835448099197,0.217377541858107,0.19101156283767,0.158238951922382,0.149703905514349,0.141253392573089,0.15662331054567,0.168698519835294,0.168698519835294,0.173570190117949,0.170945158876852,0.173570190117949,0.179414855169472,0.180748812979848,0.189898648551489,0.204861224209747,0.209970767643385,0.240287246145494,0.230502405207061,0.226170430276682,0.183156314624164,0.1661666325187,0.131514078991928,0.091462357699089,0.0894313433981798,0.0709261747872569,0.0709261747872569,0.0635718069005617,0.059436269511079,0.0617679831633275,0
0.0442406261072795,0.049830279840368,0.0471184135308771,0.0471184135308771,0.0422132491227064,0.0471184135308771,0.0411621319061764,0.0397173938195326,0.034607943383963,0.0280844385008482,0.0275594494338424,0.0209329045326029,0.0300929463023071,0.0495362933227546,0.0637222736630233,0.0849439280020469,0.104664522663015,0.123486395718529,0.138853180213948,0.162055475370173,0.161513784243278,0.179177185098253,0.184003287004384,0.192385426610358,0.197702390227481,0.203885487199625,0.20331156491488,0.209747285593819,0.210858537268373,0.20813946732735,0.206306845757033,0.208490047780152,0.2132692145795,0.205099739757081,0.209189446080542,0.20750692991804,0.197628496601193,0.193897913934827,0.182568852321015,0.168072670379893,0.15439347516688,0.137478885756973,0.12903908982359,0.122774652639235,0.117423457141165,0.1114238930609,0.11023779773537,0
0.100253435445072,0.0972300209954948,0.0882900739678207,0.0776986804933627,0.0671656780996949,0.0590163843795631,0.0530991308461814,0.0457138947710847,0.0399023586856651,0.0315455843649261,0.0315455843649261,0.0368782138079343,0.0460752750569395,0.0587346816523723,0.0728514064993365,0.0935793260166854,0.104307340246551,0.12891302886769,0.142828707916006,0.161057638157596,0.174976127244973,0.185824646063126,0.19171135189485,0.198009801225172,0.197674475326251,0.205167591667674,0.207658458436128,0.20645695293113,0.197170417195186,0.204681987219512,0.213564615731119,0.210198717517152,0.207018523298333,0.201085058741748,0.197842209319372,0.179005556763399,0.1824015044349,0.183036893535512,0.176861700303558,0.161160583286776,0.150958064203192,0.147062433248251,0.117751402998367,0.103509261649166,0.108668318885371,0.0982481641628448,0.0882900739678207,0
0.0532500915860761,0.0515591794742231,0.0445522230393484,0.0362139775147738,0.0252587362536853,0.0252587362536853,0.023057966033695,0.0206236717896893,0.0266250457930381,0.0168391575024569,0.0197456624329182,0.0399375686895571,0.0498108996323577,0.0895013498073606,0.110582120367868,0.175906742966158,0.217365412798434,0.253497842603417,0.232340712713262,0.20485719259547,0.165846467743746,0.139114271852465,0.0668283345590226,0.0926153662635128,0.100154065560323,0.113273847153758,0.147041621441624,0.147882896267284,0.15073162469959,0.158860294157908,0.164343620863848,0.170275442434863,0.182823160302919,0.197456624329182,0.232493217299892,0.255309062093597,0.261414022805978,0.233026197374186,0.209730337788836,0.184175278166164,0.161953830917366,0.148122382895863,0.130571352818017,0.109616319159189,0.102946351557724,0.0891044460786968,0.0818476600148042,0
0.046922243314065,0.0387762542667925,0.0358998355940877,0.0248505359183904,0.0200686181923617,0.0219840697638301,0.0207267797441098,0.0155450848080824,0.0186828667856591,0.0335812212586471,0.0480530619967607,0.0777254240404119,0.0995371093075815,0.139905763272741,0.153276603266109,0.18524106445399,0.20881651983003,0.227582023650796,0.202019659595991,0.172714528160107,0.147109040179394,0.135022681340676,0.130059510680047,0.135022681340676,0.145641581644603,0.150269153144796,0.153364164886084,0.152486286095195,0.151957124455042,0.159205416098479,0.159794600196502,0.17083883966981,0.175796207962432,0.183347083253009,0.228347601258087,0.240990598764649,0.24392522768397,0.22455339989873,0.198533989074811,0.180021955963526,0.160046443694292,0.142943420254484,0.132412331199796,0.115750296943966,0.114232577364277,0.0939874333775921,0.0747314671426364,0
0.0536361831322018,0.0437937601414561,0.0305455272489448,0.0209904058729303,0.0203636848326298,0.0209904058729303,0.0176354683797173,0.0168846754847211,0.0227672917790709,0.0329929402660938,0.0455345835581418,0.0714544842070145,0.0945596645930243,0.133824429065243,0.152387863551892,0.184471270380207,0.212542149836648,0.233739267561278,0.207669652660466,0.178763115031804,0.144352529985188,0.13631886245886,0.135269139111082,0.14218169158925,0.148773407739784,0.151706035238974,0.153573779208488,0.15525223101563,0.158310460642986,0.160827994423148,0.165982769915345,0.16378214342179,0.177745341973866,0.182777542673446,0.224808993498818,0.239922321384588,0.23556171590213,0.219795769717372,0.194123708235518,0.173912902622341,0.154499184226331,0.137077248630321,0.131775228176381,0.115531387748303,0.111536495367572,0.101435886464426,0.0871425342359663,0
0.0593254261359238,0.0479709868909372,0.0403036905327289,0.0333166340568984,0.032493874128252,0.0275326621716896,0.0238439848744981,0.0180243583550593,0.0238439848744981,0.036792067425805,0.0450608958876482,0.0783938726152179,0.0984488627376125,0.137170775072401,0.148905637815082,0.187603469749601,0.207801909501171,0.231877608396044,0.205509304496189,0.177595580050107,0.140582292241195,0.138447723537024,0.129139632559987,0.140003364762183,0.139033128784617,0.139713001439397,0.143724716039363,0.154964064994917,0.154000185292572,0.162052247050205,0.164867877427159,0.164292133517621,0.17621825618297,0.186082041711161,0.22240188506056,0.22935361545345,0.231000277938858,0.22715936105458,0.201316833350869,0.17956639799967,0.160204001307134,0.14447622294575,0.131322428824721,0.127769691551274,0.113042092905207,0.106887129921822,0.0967848184387286,0
0.0754496708561747,0.0661411329445613,0.0550327491343607,0.0557918573956318,0.0430210789743691,0.0374450429227156,0.0347251042612726,0.0264776437724736,0.0230826746934563,0.0374450429227156,0.040675728175303,0.0682281152831216,0.0840639128699077,0.108267341161065,0.117221525953825,0.14770633732637,0.179423892663583,0.20727108138327,0.203447571107566,0.191299831025887,0.166114246207378,0.157180000126315,0.150434032736186,0.17036465788807,0.178797629347359,0.175872155678542,0.183213050499268,0.192031381806281,0.183213050499268,0.18759929133941,0.191446364813,0.194858189371725,0.195504725232753,0.201230092670799,0.215561196128849,0.213338182315429,0.201647727349049,0.199339909017179,0.175233199322217,0.15895409694469,0.132176227983593,0.125203143959851,0.0966343316578717,0.0868531292955182,0.0895555173612914,0.0944328051215166,0.090490035023679,0
0.109551754831719,0.0926263833659571,0.0605797554017086,0.0352112676056338,0.0563380281690141,0.0456390190028723,0.0497962521962357,0.046179144537338,0.0428363558471706,0.0416625336838001,0.0365926226951171,0.0410630415129951,0.0365926226951171,0.0637703178742072,0.0379236958248909,0.0522267499091244,0.0700695378244099,0.0711232742138175,0.0904593843567967,0.110003516562066,0.11289591226677,0.113115340874711,0.151367501832427,0.178573553987408,0.19298858600063,0.192473948855161,0.206158889694429,0.218763726295902,0.214065973993953,0.219216653750329,0.216713838780692,0.219103509663437,0.22247280280185,0.217056831090457,0.215796527409078,0.218877046027043,0.20914425922419,0.20663944719889,0.20178237720978,0.187514464164709,0.15699645640569,0.145008875225169,0.141021016862682,0.127928888201302,0.131936577430952,0.13212438760066,0.119095313558365,0
0.0900732632745021,0.0823443443598408,0.0694325763072442,0.0682942602348837,0.0542177331976001,0.0496913732773845,0.0508607420503851,0.0433741865580801,0.0410530050061632,0.033127582184923,0.0250420982851886,0.0342903052951481,0.0385924653332355,0.0626052457129715,0.0650612798371201,0.0955627601240199,0.0957676108631138,0.130873417376163,0.132805781344476,0.154242860191465,0.164807640478577,0.178287605214828,0.18327411682231,0.192962326666177,0.192046119464191,0.196185302419612,0.195885401145035,0.202283739573301,0.190817666861222,0.193975259225249,0.205455880511406,0.196883295535272,0.206312545299328,0.214325837891654,0.201507215633825,0.199257853272128,0.209423670794028,0.198271910293765,0.187293300140434,0.171565789418431,0.166464040293468,0.157884422250488,0.131172557006147,0.113728076610743,0.118785101956489,0.107891926800021,0.100947925466708,0
0.0677298194682111,0.0523915723809849,0.0362772221790998,0.0429237881441571,0.0372993157402483,0.0260157442893842,0.0274230023263242,0.0203374428364107,0.0237490166626365,0.0402100145693533,0.058172972716315,0.0892828270153314,0.116184241469242,0.156455378277613,0.176340779997082,0.209117250461755,0.240479560985417,0.271266032498156,0.244126337650661,0.219555345476698,0.17419543516806,0.171695152576628,0.143545731216761,0.159784588966572,0.172132593164774,0.184265435459339,0.148312561522095,0.142494099975819,0.10260747922181,0.118903304680249,0.106738554455886,0.110375455227833,0.101131035639997,0.128332619155505,0.167370201523336,0.190979112063584,0.18679876077147,0.193618825714316,0.184673102850246,0.173763187764474,0.164538013957945,0.157174717142955,0.147931784099148,0.138207578798615,0.127450597575433,0.119061315786084,0.0979197042046043,0
0.0578392033614938,0.0453933487168629,0.0371723645199987,0.0330285126106097,0.0241206151968997,0.0241206151968997,0.0220190084070731,0.0147707998786065,0.0246179997976775,0.0368448483162317,0.0502110645415922,0.0786235863032981,0.10292561672097,0.139955006847639,0.150713638593729,0.182040079596836,0.1992689847613,0.222053812320726,0.197681158781506,0.165728696441571,0.14346190867525,0.134748415888989,0.130359224566726,0.139086252290107,0.146057578283886,0.153896960075963,0.154760894682085,0.155464179320682,0.150068871407993,0.158704972157264,0.155620033173677,0.161806005718147,0.168772503565619,0.180971603282498,0.226753027205861,0.235510768443396,0.248288119683546,0.236640322973817,0.203720456001239,0.189350670119001,0.157785823662012,0.141590956054375,0.126776723574557,0.122892897182214,0.117755384221698,0.104677170986873,0.0872464135671083,0
0.0479322774707992,0.0396325875986613,0.0396325875986613,0.031379041391652,0.0286450146718268,0.0282328346983598,0.0227104828168352,0.0211053144596564,0.0227104828168352,0.0352495000467509,0.0476870979730726,0.0782231463567684,0.102024978496701,0.137717549896184,0.150020512019162,0.182905604626982,0.20633502215276,0.231197136255875,0.203992502407724,0.180583718612638,0.144285108290858,0.137717549896184,0.132953783229262,0.137972661352678,0.147419486438635,0.147816523210541,0.149237109734975,0.154485924382317,0.148370589764825,0.153877709720104,0.158604274553661,0.153572699093712,0.168425448307425,0.179476831235723,0.213098227422322,0.232107962381548,0.237499575849926,0.228340221660659,0.204336987599482,0.185767155799818,0.162690426551693,0.15380151377103,0.138396802105259,0.126539285731472,0.116406959571941,0.107507431599035,0.0976814800809994,0
0.073177949869132,0.0616540864912133,0.0482771058471278,0.0390645592323682,0.0349404039818569,0.0263373204616498,0.0273705463048805,0.0223479574760589,0.0278728000565353,0.0349404039818569,0.0453124394546897,0.0802316227409407,0.10132169484703,0.144639614853072,0.15828707686188,0.192892780190718,0.221170775082302,0.244582827872998,0.221546809542115,0.193180250961532,0.163206405650716,0.156080569746459,0.142416488131373,0.150837216662427,0.160981148642822,0.168394162247963,0.162866037385239,0.168969870464947,0.160722405670368,0.159422391824394,0.165149910501331,0.169461777969916,0.166488533497119,0.155099762394323,0.179789591823451,0.21036908958437,0.20970858845769,0.202985404097237,0.165736888423626,0.15572462727688,0.151754168674564,0.146923539489017,0.11695668316195,0.117311995423046,0.122631270304438,0.108591554159123,0.0999431041494848,0
0.092346966860899,0.0714117339119018,0.0661144186152478,0.0574435749457658,0.058916726232497,0.0453541170001382,0.0376056471968344,0.0313949658795772,0.024494022656929,0.025353722167947,0.0292759566372463,0.0535837987085355,0.0845968774197162,0.126768610839735,0.146233330139872,0.182593744910138,0.221706183683354,0.263320915301837,0.251585927456932,0.222285304000387,0.190406284681459,0.174062735440032,0.160351018427629,0.166513035399,0.103091281392373,0.0988470063385612,0.107167597417071,0.0614097647195792,0.115630763802737,0.134478334839658,0.145793088307515,0.168559355324495,0.16664166657724,0.195294989305035,0.219374414914333,0.243272454331846,0.250647329915961,0.23301528212886,0.211314820325151,0.127106210933765,0.0944121232949966,0.0968764363786875,0.111287149550272,0.0932704595025304,0.0911794487763086,0.10035292340064,0.10474084663555,0
0.0715774630748776,0.0671759239377929,0.0610919757266433,0.0638084875931788,0.0487345373960654,0.0279351974883186,0.0319042437965894,0.0232995653433817,0.0260497059769998,0.0302670232267561,0.0291244566792271,0.0386379580111826,0.0454938556679782,0.0708628615214786,0.0739095853795673,0.107089324244528,0.116933877499149,0.142084371586998,0.144921610766159,0.177921589517466,0.176773696311213,0.193540725476953,0.192662188369699,0.201527771813379,0.20387119675459,0.207500257024955,0.205941008162553,0.198388650195298,0.195285943169583,0.197703367836051,0.194415292631237,0.197960626718901,0.193803510018185,0.195372794827499,0.195979678722639,0.195979678722639,0.196670967213832,0.189196918113112,0.183368467416667,0.167611184929912,0.153781543999473,0.136108155724138,0.120083211177179,0.118519005466653,0.118232381091881,0.108817950343535,0.10549326886776,0
0.0981528944829265,0.0920934605928344,0.0868002003142235,0.0657491029809316,0.0697005469712817,0.0570307034166664,0.052911447038578,0.046712500699517,0.0405812273878412,0.0339526907830966,0.0345536700195531,0.0374140430033714,0.0536839177829956,0.0654352629886177,0.0731588480840626,0.0975216796110164,0.10405742072143,0.134133081222037,0.144334596013019,0.163084032520981,0.171452684117282,0.187400048152811,0.179889765468654,0.155325940006326,0.174074072451895,0.198599402291329,0.200456476068521,0.200661756691764,0.197768438804609,0.208707481014055,0.204220768074382,0.211645788154312,0.200866827523711,0.202499918039395,0.189149444763122,0.189366983011856,0.1934537372875,0.197247308942795,0.187509863602114,0.177005805583256,0.162831384758864,0.157954315062934,0.124915056156083,0.116029670486831,0.10185807234929,0.116560701501429,0.112242129010114,0
0.059717151193819,0.0494108595239785,0.0351344906807831,0.0305398474868975,0.0272150594568305,0.0222210029962469,0.025118362479427,0.0138572300004055,0.0195970826034968,0.0318587159222741,0.0425499812602832,0.0766186140968049,0.102634416492373,0.137678596162709,0.153058108052677,0.186429962759287,0.207197531162787,0.235398174235534,0.20693257257465,0.175906527396354,0.14400855847722,0.137079556644847,0.127864662088669,0.139164914112,0.147583449366116,0.156426321483243,0.144483992449599,0.15651397983783,0.152249459616727,0.157823012780591,0.158343595874696,0.163626000171698,0.172043443983359,0.185249080170632,0.223441119881449,0.240528030533494,0.2435315596856,0.224909532966973,0.198197838730788,0.177227107189915,0.162954021972477,0.143722543183016,0.128613353250484,0.110112986058859,0.100473449917708,0.0944211065745556,0.0833081836924004,0
0.050940422589568,0.0329489389748581,0.0333483346356763,0.0218316096812434,0.0277107643113553,0.0218316096812434,0.0178254346608839,0.0145544064541623,0.0212165109730616,0.0313004345968621,0.0418043498295563,0.0752759755066761,0.0988468169245744,0.1248841013301,0.139600962551955,0.167217399318225,0.194588658631205,0.229145251904486,0.210221763006299,0.177510066336822,0.137016422276752,0.135656906075081,0.127506901186288,0.13997979896774,0.140828454900584,0.14780069623787,0.14663158201474,0.149492955797514,0.150287901787584,0.151778106990384,0.159932994495758,0.163048332643228,0.170043809053135,0.186954735948139,0.229607006029004,0.243106516732884,0.246352408314275,0.234061374436545,0.206792969168814,0.190045106233283,0.16777070822578,0.146450889916508,0.133294050595533,0.13169526350518,0.115177691179604,0.109400352918363,0.0943233342486596,0
0.063971639433863,0.0472461868698389,0.040261693450493,0.0341942796045361,0.0262853518227025,0.0277604255487599,0.0262853518227025,0.0178573801219541,0.0236230934349194,0.0371731010394143,0.049444846616741,0.0776676292684257,0.102193528722976,0.142486526545042,0.156782644914987,0.192743928287056,0.221364298116628,0.238692905426966,0.217733144827717,0.18975654657812,0.152660583148562,0.138034198599451,0.131123115829652,0.14378610483108,0.151437181536225,0.153614992226271,0.149583319284607,0.152137472816032,0.152834555379542,0.155762356561907,0.162770125930585,0.161294094306731,0.166801695631494,0.179686421337343,0.222979026001354,0.23351554604397,0.239415460990698,0.223217251524427,0.19336335332772,0.163584388770674,0.142206500346032,0.126165476282525,0.117890270654834,0.10062122682632,0.102323463332001,0.0961649349803706,0.0904695600946106,0
0.0601006388462446,0.053755645580547,0.039615520099802,0.0376818759155282,0.032345936713162,0.0193303944776454,0.0249554319625135,0.0223208169104205,0.023410270274035,0.0359912358168782,0.0468205405480699,0.0838145931949446,0.0994466918546716,0.136959630414227,0.155205934957303,0.18834325942134,0.214964648175286,0.234846393707931,0.215022582322188,0.18487242713241,0.147975400755521,0.141257444566005,0.131673902466238,0.148143650270648,0.151057684788699,0.156802745873659,0.158068580709634,0.162727787455626,0.160802858263676,0.16591139934331,0.16493256248585,0.16493256248585,0.179193208614338,0.187215643929769,0.223876792176814,0.237797900467511,0.242876746350374,0.218983026743043,0.19586437348644,0.171957232441687,0.135496735271234,0.11115677179193,0.084848468672546,0.0920310857717366,0.0929736379409062,0.089283267641682,0.0861595097854721,0
0.0657169815069828,0.0519538356283075,0.0476164768820026,0.0431560970800223,0.0336699336994765,0.0279779967221212,0.0226461519233116,0.0264913621674732,0.0269960048868932,0.0356177552233686,0.0452923038466231,0.0787918928820368,0.0985754722604742,0.132965284149775,0.148409839491135,0.185512299363919,0.210845538418632,0.236090028174814,0.210781519732348,0.184564127285191,0.153593675191886,0.146395547165056,0.136866559806487,0.15102400060377,0.157754979498168,0.157583785764074,0.154644499363313,0.158096810840469,0.160637361497489,0.145006124264743,0.153681518307555,0.162392099951132,0.186817208527098,0.195845977054849,0.221764385970575,0.230829435862014,0.225386254032499,0.199667722251256,0.183684547407138,0.17572381698985,0.150217577750019,0.134378774120541,0.121842544707145,0.110577487289747,0.10442591722093,0.107231508501284,0.0991216009396299,0
0.0758454767640797,0.0718321013384238,0.0686048150378376,0.0497527267737893,0.0541162079024852,0.0476041036213098,0.0468660108000324,0.0382659375799483,0.0378076463461121,0.0378076463461121,0.0317970414119745,0.0344292190697659,0.0464925704996931,0.0739839542904539,0.0767593106543423,0.102780098082586,0.108874750321364,0.129497162300006,0.137463487147618,0.169698395939657,0.172247327992303,0.182277961854279,0.175356555498569,0.154537185810658,0.149374925102862,0.156331581916498,0.173859034009525,0.188669016081756,0.193053005021857,0.208924743659186,0.216947473974137,0.209258223111102,0.208172461683332,0.209258223111102,0.220375480258742,0.211577862560171,0.209591171966224,0.201535091200992,0.200841933201893,0.186251274778516,0.164588020855533,0.148555784986674,0.138474261694735,0.126638754156529,0.122154535903681,0.117053388073348,0.112651870010644,0
0.160924233756341,0.151219027807853,0.139101274141893,0.0790839767814124,0.0640653433649052,0.0670467033636695,0.0640653433649052,0.0356426666691233,0.0382863656282831,0.026154566906703,0.0327864847391404,0.0221046435017817,0.0382863656282831,0.0601311313391188,0.0691984796837359,0.0827080026404459,0.0988549709767656,0.120262262678238,0.125042746526568,0.157858729506428,0.165711127737265,0.183348657444365,0.179033967002802,0.182011304380553,0.163932423695702,0.171791623678769,0.169212453709454,0.160620316140883,0.172075811836109,0.18573162806174,0.212710539179335,0.229930797418877,0.237663469127679,0.257212959999593,0.256261373459621,0.255114784381859,0.219493656090577,0.165416005280892,0.12813068672981,0.113144685804197,0.115706776996594,0.103207619692689,0.0838812243980043,0.0803101580704417,0.0943016320696711,0.116128296705875,0.0953322816088022,0
0.0402369191693686,0.0234088124804217,0.0323439224818267,0.0264087021202029,0.0217542864460896,0.0199631023594403,0.0179944972935745,0.0165525300444305,0.0205774949107474,0.0349354291290205,0.0440773365471504,0.0760172290293168,0.100189120758205,0.138218356371573,0.154714043285662,0.184185991394903,0.208301365818119,0.229358584246112,0.201926064929513,0.177084645874011,0.1458468244565,0.127044405466932,0.124669534276527,0.144042464375231,0.143001179895236,0.151295425800939,0.153987871668202,0.153501848767279,0.155035694450507,0.15790107292014,0.163785667091005,0.165901067784747,0.176662176932115,0.189649472414683,0.223473088271559,0.233928464816469,0.2444461301208,0.225138749244279,0.200191698504818,0.177996555408166,0.167172358926113,0.147966186099236,0.127923615995411,0.124068713746843,0.109683577610186,0.0945616989843942,0.0766697494012402,0
0.0538833862719927,0.0440864069498122,0.0369827859241169,0.0281396807315518,0.0268301328508496,0.0213520214086712,0.019593958644361,0.0176617556453911,0.02399760035994,0.0379435377579435,0.0494723205226965,0.0844190421946553,0.103912657707873,0.144899278258492,0.159558478992363,0.192168192678041,0.215199297983124,0.234412052160209,0.210121797455778,0.178442236238132,0.148739958602062,0.137681548357971,0.131713819677136,0.137157710510527,0.145064782913537,0.151853179493798,0.150424314873291,0.153346982169888,0.149544399074459,0.150981591301117,0.156598516534876,0.159558478992363,0.177768612707832,0.178710974697987,0.228029823663274,0.242116244694178,0.247021853366847,0.229132057338252,0.204508276783473,0.189717688789717,0.17158703790696,0.103101280424614,0.0831301261662986,0.097601715051754,0.0967374197212492,0.0891202082453607,0.078528763180574,0
0.0582921116368812,0.0461453649701421,0.0365586511846477,0.0333167168925996,0.0285571859079425,0.0233168446547525,0.0218109110096788,0.0157855784541783,0.0212852696454195,0.0346499085897391,0.0461453649701421,0.0786403580099789,0.101189016734267,0.13461986538074,0.151409949528549,0.185682718003406,0.213331077446693,0.235296116444616,0.206806961309584,0.181674483562024,0.143970895331065,0.137450772103039,0.130258198437715,0.138436094910426,0.141190505950795,0.146698597246924,0.14708413956027,0.153490262237274,0.154005949716317,0.159639522340646,0.157784015597614,0.15878582893578,0.170348660644573,0.177767048677491,0.223393949855822,0.23282816092352,0.236448594114179,0.221969748044088,0.204604481471808,0.179920344019509,0.16091157051822,0.14815832073461,0.130692248952295,0.122736852265123,0.11629239747621,0.100176538625082,0.0903057510339619,0
0.0664832871411851,0.0554215166918366,0.0429874526900016,0.0363800913972007,0.0331476076153778,0.0264426433047443,0.0259661602540089,0.0217822456486083,0.0254807686644615,0.0367216959939726,0.0446962249905464,0.0821122084916044,0.102167788274578,0.139832052376303,0.158340753539604,0.187511184999556,0.21464661116904,0.240385090810829,0.21177710986484,0.18024552835839,0.147734377762356,0.142573251265889,0.13575443666614,0.14036678492934,0.14908050468962,0.148240607838949,0.149665628067192,0.152802921031438,0.148324811542324,0.150414585011537,0.156277076565176,0.160222095823302,0.167237960396788,0.180798854382531,0.216730607723356,0.232678089900597,0.238088697744154,0.217248483271071,0.188507355556789,0.173107735026726,0.156117202276199,0.140988076295959,0.129830801270044,0.120451972742439,0.113514333051892,0.102777023180983,0.0952092542646993,0
0.0714349498338553,0.0544032369763412,0.0481855080525594,0.0394512405079796,0.0353584962088679,0.0335059614502911,0.0225897146014849,0.026728510771967,0.0195632667091262,0.0323435491534542,0.0437447942235648,0.0749216074543383,0.0980768302347084,0.132009777203315,0.147613025464077,0.182543904135986,0.205802094448655,0.230149174144955,0.211367796188862,0.184904783029072,0.150268302897224,0.142153755310055,0.13287668764636,0.145172972686279,0.155196435889014,0.153460495719867,0.146310915116836,0.11328691197698,0.131719539159543,0.154619954697416,0.162896748587503,0.173294180109863,0.188864064564385,0.197385508487931,0.226122930325099,0.23632987596206,0.228870712134519,0.211850096407924,0.187576262992663,0.177008829256282,0.158369849920738,0.143493594118635,0.129078032478823,0.126583053610598,0.109856641203958,0.109157652296494,0.10102427488248,0
0.0977179113154797,0.0833983909990554,0.0769661387099101,0.0701552062876387,0.0550960269948945,0.0479456236164083,0.0380014099560199,0.039893170242244,0.0409863362106856,0.0292348365023784,0.035598844231914,0.0413443022754236,0.0441035591304315,0.0703649383139599,0.0746332875593612,0.0980190458084163,0.118814495181044,0.135610702349521,0.143529198045895,0.166354466761774,0.16714979145542,0.181112844943474,0.183457183748251,0.203198612464245,0.198873963107508,0.19768487045656,0.204931681053428,0.207575148228382,0.202617628823517,0.20101126552362,0.203560885193412,0.207858914797272,0.201157828624043,0.206436181342746,0.208778492501888,0.204283503316807,0.193997940320977,0.194831691903833,0.177496798050569,0.16794134974921,0.13988969075089,0.126619653365627,0.116180812517108,0.099214444203061,0.102285917928683,0.0918088794972635,0.0941856887989707,0
0.193454698547283,0.190466801631306,0.143694542674709,0.103702603617904,0.0888056041656735,0.0633633374457398,0.0598727261144622,0.0610584397579278,0.0448046455864941,0.0239490904457849,0.0338691285149289,0.0359236356686773,0.0586630513959367,0.0738160542511834,0.0888056041656735,0.104391665042892,0.122702575343736,0.141177806074533,0.134413936759482,0.158408343614349,0.178416705472081,0.168070751349347,0.131719997451817,0.152880759178847,0.164622779689729,0.142693174776874,0.124443124341485,0.137577050393417,0.12672667489148,0.133879485590164,0.119145220618431,0.12841269146364,0.122116879515856,0.136004689606893,0.168496786890519,0.191218152878458,0.203919157156894,0.223382244564543,0.216537393508596,0.232811767712773,0.231576683308933,0.224981278894865,0.171030715347272,0.154281222859381,0.14714567519149,0.165057715136458,0.142693174776874,0
0.0707202355530592,0.0539090981411787,0.0435017626339137,0.0442717651135186,0.0338963003608987,0.0348790053207578,0.0272661727072413,0.0183828498891211,0.0348790053207578,0.0486364491952456,0.0697580106415156,0.112120315401401,0.138543772355925,0.180676389786933,0.208950828593566,0.250168907525519,0.195066205548719,0.265121231457534,0.19437201756204,0.15069452620148,0.143339085872606,0.134835415779655,0.113914354362235,0.143103136600094,0.150245361189855,0.134584558974882,0.136082763487954,0.115680573709763,0.0951656542941396,0.111818510505642,0.129465388557249,0.147521654515396,0.138543772355925,0.131022142549779,0.14637181894379,0.156416341573786,0.139758026705647,0.225143011232625,0.224240630802802,0.226489840860416,0.212160706659178,0.195585229629444,0.142392942952793,0.14637181894379,0.143809823053965,0.131793624050491,0.122214848999749,0
0.0588105416958209,0.04737575786043,0.0373923750551804,0.0415853328383692,0.0332239971010248,0.0271272800377394,0.0250101164313372,0.0297164464008589,0.0257351974933425,0.0393111635126266,0.0569026626607412,0.0923921865638693,0.118400555694579,0.151524740072614,0.16897486707538,0.195335253752239,0.230980466409673,0.26181690237112,0.233751539410462,0.209425412989584,0.164450395537798,0.158177864938056,0.144438437701577,0.157361608067456,0.165898344331696,0.174016796920355,0.165008802562468,0.175595451541618,0.148334388242084,0.138189463825148,0.154291994525497,0.157010484666594,0.155361416605496,0.175070815019361,0.221216274106031,0.212044423622095,0.211957644644194,0.200998317881772,0.136447791674406,0.13658255495829,0.124460717631215,0.102582733966866,0.112013003460729,0.0998563984751724,0.0978087991399401,0.0981842661602241,0.0872723007903735,0
0.0459636741309474,0.0367838481832685,0.0300338862750033,0.025780940069951,0.0279883118075228,0.0238685125077922,0.019488558854443,0.0188697159712102,0.025780940069951,0.0347940370586124,0.0443873052491618,0.0810885656103078,0.102546678187554,0.136332881725365,0.148979166122856,0.183143206902621,0.203524852791263,0.227951584018177,0.199460425327603,0.171427328018351,0.143624861159172,0.131457516495446,0.125923841744977,0.137718766207679,0.142213076302355,0.143790042192668,0.149297498037366,0.154070585735704,0.151741929035039,0.155374666727092,0.154762350387436,0.15651630343638,0.17734856255507,0.183208001953969,0.219029640530805,0.236436863434957,0.235884029115331,0.23100314204431,0.208764222351674,0.189450444781958,0.168635165300579,0.151350336307291,0.140618426633886,0.130278501500033,0.119541301331982,0.102546678187554,0.0975645217328826,0
0.0648211165060244,0.0513854166807998,0.0368058598595511,0.0224751346746668,0.0299242494150055,0.0262453029211742,0.0266791389717073,0.0234745125687277,0.0197567463011257,0.0266791389717073,0.0406590484519506,0.0748489781278506,0.0936532048770076,0.133911069713734,0.134680434249017,0.179033240106614,0.206544586747281,0.23084928437616,0.211107532729047,0.178326484919516,0.149314016264035,0.138047964865125,0.13140136680149,0.142467923650084,0.144468413642405,0.149774626148695,0.150615419122026,0.158633986928497,0.151299865350009,0.151754447842611,0.154528159509431,0.161075758131522,0.171500553980485,0.188101509924711,0.219688497289659,0.235867264035151,0.233125666789329,0.216477350916194,0.20391547603057,0.18056564956661,0.169548177875896,0.151072061157543,0.136626906497204,0.130524763508022,0.112681735692403,0.106393334884307,0.0984344655983548,0
0.0726486457760904,0.0669971502889633,0.0534871713608504,0.0504010110837837,0.0441401883613363,0.0344065601213909,0.025322542602088,0.0232933513164663,0.0272007741087786,0.0394176665398307,0.038786943180717,0.0797683280770288,0.100924280577774,0.135367697932063,0.150631066201217,0.185883013306366,0.211047158591229,0.236401696698415,0.211222374195167,0.185418055961011,0.155940561598233,0.150712908677345,0.137984176695998,0.153469586245565,0.160538345072868,0.157279131742809,0.120831868088562,0.116678322163756,0.139760107898798,0.157905120810999,0.162977813904204,0.171889380156341,0.190793605543128,0.197650640069207,0.229251592573233,0.230110617943833,0.219130894846848,0.204458649449221,0.192081895704821,0.180224373273782,0.16015382153849,0.144446099157069,0.126515281127591,0.0836912022140862,0.0984502700287313,0.0959124649215049,0.08757917120494,0
0.094410100387584,0.0808833077538441,0.0676084771471049,0.0602341828373395,0.0614084489323273,0.0545076968729912,0.0501397885933201,0.0430921180321725,0.0440753346829495,0.04690147759037,0.0465959272525136,0.060706615037893,0.0623319360747604,0.0755885753780838,0.085685576703897,0.103365822208199,0.111605194083252,0.136896732418336,0.142419788594469,0.162822774378996,0.171204368790755,0.182824373257442,0.186766506104646,0.200416661172789,0.190327169614702,0.197400545092545,0.202684531506671,0.201128117656465,0.196602963870871,0.19998857240807,0.194851454897028,0.19345359745003,0.192713810428764,0.193527420615262,0.198986117110917,0.189122555173434,0.194631408011588,0.18798621869901,0.177270922607983,0.172616901475187,0.159722791514324,0.145495736212732,0.133729841238462,0.120705275177206,0.115504685702148,0.114136245860503,0.105688939736524,0
0.0927911399826178,0.0901950684988971,0.0802670641018192,0.0697797542054185,0.0601848838402709,0.0596895265783518,0.0536652773809824,0.0429045504730327,0.0425571394883802,0.0361438032561717,0.0272444167948062,0.0353128001452974,0.0414974593421664,0.0579224246223414,0.064472057360837,0.0875220263920329,0.098231141723786,0.126268393252572,0.119751531606781,0.146005673996484,0.155460375998792,0.169879370800274,0.178154322484398,0.188361206680622,0.191099727177368,0.198192599266986,0.201313934585527,0.20314910412009,0.201682304398784,0.20884227197505,0.203076015755026,0.202196894676008,0.197817731143865,0.199536293294419,0.206555087103161,0.200427084746526,0.19555343223559,0.196688840067282,0.190866536453318,0.18397547673509,0.175044052784066,0.157923643201499,0.126854872921319,0.112858989494649,0.108157246473218,0.120616174832345,0.113514770664663,0
0.048407275389655,0.0417790952849753,0.034576625278325,0.0272256619698287,0.0305372486022793,0.0267829387742014,0.0218681779363321,0.0239553886945317,0.0213144633041118,0.0335232819798337,0.0437363558726642,0.0739972094853629,0.0948181600622767,0.133198567379922,0.147265577456743,0.184199649249932,0.201792455539399,0.224774660139548,0.202265869575473,0.174397862136619,0.139254112017001,0.133914693871007,0.126948492904785,0.133198567379922,0.142563078199936,0.150318871056007,0.147427853624386,0.146859102551065,0.146614676690862,0.15416677706587,0.154708665475037,0.156016844598215,0.175286780739133,0.184847557157041,0.222422053733635,0.23840326122647,0.242776174018248,0.23225611050212,0.206303978043813,0.185750831576346,0.176645613328336,0.160474286279254,0.142981766555756,0.12476365682202,0.114886008254444,0.105671054532716,0.08923181318424,0
0.0650017448070939,0.0496832163710235,0.0359138703612773,0.0323293626448667,0.0274971493403707,0.0309230584722249,0.0221186977601904,0.0133380766039684,0.0290696640089512,0.0323293626448667,0.0516581485576083,0.0764761626347921,0.10168916712487,0.140762530595217,0.153025003974218,0.188628888293034,0.20727731527989,0.226845355159512,0.201621253076717,0.172623776332035,0.145501237835649,0.135120048490233,0.128627752592042,0.138853797776977,0.140762530595217,0.147474740705178,0.151784733192723,0.153966705194617,0.148975031011216,0.151564808324941,0.152077471619345,0.161715584473233,0.169569397198048,0.178700362632683,0.222340176052842,0.235880405955091,0.239714590420244,0.226452888853183,0.203542282953712,0.179878687697707,0.168318916890861,0.151123998448149,0.135612889209038,0.128021218887038,0.115125450784147,0.102992927629958,0.0897227340704301,0
0.058596980726468,0.0487385965716701,0.0377527545679201,0.0338309825961256,0.0297555926946083,0.0227657675825758,0.0236953621641981,0.022286434582264,0.0232352142417105,0.0321956572731124,0.0428436181352349,0.0816875586329226,0.102234942663526,0.136040145544683,0.153281988083885,0.183661104483283,0.20797788221433,0.225273760124586,0.204786484048786,0.178170313561102,0.147246009328826,0.132012010204005,0.13061414821955,0.138868072141347,0.146878903274409,0.148123351805435,0.150366128414417,0.151795496372677,0.147025855690629,0.157039798336606,0.158272576246865,0.164363481498001,0.174124639718208,0.175298874196179,0.213915451357633,0.233834467770081,0.229969938724321,0.223831223880047,0.201276510233058,0.188706563026848,0.166841134990889,0.150581398572479,0.139798002657643,0.12920116327702,0.120644249245195,0.106881985511868,0.0944390702399024,0
0.0793979507426518,0.0664290915750983,0.0519781599003682,0.044511436862085,0.0448473770004807,0.036754109339149,0.0319476637339815,0.0279374214932696,0.0273948956449324,0.0383528539029053,0.0434880486414345,0.0615013881898575,0.0587555053933244,0.108062359696118,0.0933036524783575,0.0886850247872648,0.14864097769377,0.1786348864878,0.209279790566775,0.199362576928899,0.168517580186438,0.144441519465939,0.141713983170104,0.160768597016779,0.16095521181787,0.170025002399418,0.172653056184356,0.178298473973631,0.177877063613739,0.183361712937499,0.181717180050364,0.198532681804474,0.0862830496063717,0.171081068468936,0.208633309490624,0.231417965456079,0.234126208811097,0.226700003199224,0.210352843869798,0.186526853431115,0.177539215134749,0.160861931478642,0.142242571290792,0.132178597194084,0.122758480654195,0.114010170266128,0.103811835617222,0
0.0690944075406077,0.0580007616914748,0.047182994203359,0.0442056507722137,0.0388444664243966,0.0310596491963044,0.0326135797390785,0.0258431902558152,0.0276914112641087,0.0302527671560408,0.0474443978336131,0.0749336989783996,0.0937083776883218,0.126995414710761,0.145342684732136,0.174499131280705,0.194540468833355,0.215704219448019,0.197818763244284,0.181380278018076,0.154659812668119,0.144831213287556,0.13952486434521,0.156804107526353,0.16374908573525,0.168440278848398,0.174923876244841,0.179391925358184,0.185292984201536,0.193456669487776,0.188272694423031,0.197756231627978,0.201964282302822,0.198567606666086,0.206924910819574,0.201841768319875,0.190363225615941,0.186092238741732,0.173361390502389,0.160776432573101,0.144660320940974,0.134377226396265,0.124238596785218,0.113631697442071,0.104088151988456,0.0979670668866586,0.0974607737460323,0
0.093403313398506,0.076184660707572,0.0768911796365112,0.0697624114010267,0.0603413867242104,0.0572763449361618,0.0491464328218776,0.0487782895647221,0.0411626691798075,0.0323335655535873,0.0374961694571946,0.0468942416676356,0.05437027453441,0.0737807513147796,0.0829795897482715,0.106055182766809,0.112648634443207,0.137179700777288,0.140682725002907,0.169611793080113,0.172038710340803,0.184671623801975,0.187192193000403,0.192040318056725,0.198774137090256,0.200938710571425,0.198955417690715,0.201028395338475,0.198592691012195,0.205111508063573,0.199317484264449,0.197043653480954,0.197591759278203,0.193536273032771,0.198320210630936,0.190816219221551,0.191287953487104,0.187673036826224,0.175872624155035,0.16671773013976,0.161332995870147,0.140426238508808,0.124650273229143,0.119028476502024,0.11470993454466,0.110385734016416,0.104341739151438,0
0.0945549726562683,0.0947853139784773,0.0795227598601536,0.062302065659231,0.0660400575188019,0.0494198538076402,0.0568098055430938,0.0462280402631613,0.043806018384671,0.0349451137526302,0.0349451137526302,0.0447905462197087,0.0507263306999543,0.0720411975506593,0.0729436276890979,0.0975069764152746,0.108916053068754,0.1342092559549,0.146632723979462,0.17904043006703,0.184794194749696,0.190030193790033,0.190831770928411,0.200091566112257,0.200418246437714,0.203549127662889,0.198120172556406,0.203549127662889,0.198340183920762,0.201286801954165,0.215112246004474,0.2093584400752,0.206948930694002,0.207159565792489,0.209254255724346,0.18420323002959,0.0972830795034679,0.129074105586175,0.156836446885183,0.15641877251678,0.16135952561472,0.150739234165567,0.142866488171179,0.135984801340618,0.12685880788203,0.11495523592761,0.112849299756326,0
0.0873242466240622,0.0731284494017687,0.0621472317497335,0.057167138594251,0.0473787189562602,0.0504166772951836,0.0393892567965604,0.0389679692102202,0.0381114257295007,0.0363378186558908,0.0325015330674527,0.0385420769776611,0.051709622469648,0.0657604089615403,0.0719910791614037,0.0921075900265255,0.102939338661,0.11969436975753,0.128345052034499,0.150922295786706,0.159224343746908,0.169468304282948,0.177925486160429,0.183496989482237,0.188554416459007,0.192281662700101,0.191248808339594,0.194924540619783,0.199361871095049,0.19416095950598,0.199279062422278,0.197113826577102,0.203053311581641,0.200764392756791,0.206918273291348,0.1996927623951,0.205718273185982,0.203297024385801,0.199444645385971,0.18077836527235,0.173985688226139,0.163217087891204,0.151140865482382,0.13908415796701,0.128601999342824,0.114478547627204,0.101486004475561,0
0.0685603230839351,0.056396719383461,0.0447037333835585,0.0414361634399407,0.0347895529228135,0.0304769561269238,0.027567444061399,0.0231255153852389,0.0205475596290703,0.0378878278978181,0.0514373453376428,0.0876588852434575,0.111159575609655,0.150058158806991,0.170433306080888,0.201254229844738,0.221367573940186,0.243353438838556,0.210817027205332,0.181315963157782,0.147122057480661,0.114894976666253,0.0752164182204702,0.0797570054254401,0.0978259509814814,0.127107321229386,0.130602332104339,0.138245023625018,0.139763689003231,0.138955799639837,0.156305580071955,0.164807995250098,0.180147928906008,0.188171973832703,0.238387115891763,0.256309702048337,0.264311164735143,0.239447404812091,0.21868112998925,0.19886244834522,0.175317770486915,0.126774724092653,0.083548846895745,0.0830419735812355,0.0754032915972331,0.0763307962266919,0.0804597238968442,0
0.059119657728344,0.0535013473357634,0.0442547197409472,0.0347162583888723,0.024548101724196,0.027445612086941,0.0251543189765604,0.027989142318762,0.0239265299061188,0.0435685584971965,0.0580914113295954,0.0971124889897898,0.12076069318254,0.163848235381247,0.185171458575769,0.222901629966356,0.247802113576224,0.260314071055528,0.237178367463621,0.195693180526345,0.164856541731265,0.151523642590066,0.144916990185459,0.16050404200729,0.166130990066199,0.167305713901963,0.171573495097795,0.168114175751074,0.17113390048587,0.178459803353917,0.176507508962418,0.183372841072472,0.195307881510069,0.209667232318678,0.244373855921029,0.155933592227109,0.101511669281276,0.0784003497585758,0.0846820562416355,0.0762573257347988,0.118366659936737,0.131395419993207,0.117984214155284,0.118111833677888,0.114484724907679,0.101511669281276,0.0952327146459406,0
0.0683988289104029,0.0561316225179494,0.0526198523282165,0.0418380412124976,0.0319128056827454,0.0356796014296802,0.0398910071034318,0.0308994412350066,0.0287658143082643,0.0414559506409409,0.0588983661576684,0.0981999604542681,0.12191255662056,0.161052994066967,0.182367793640967,0.214077608578081,0.238413435512293,0.258646350259196,0.225234107615845,0.192884466528113,0.162332384120801,0.156949696051949,0.151585826993041,0.159564028413727,0.17204080773963,0.174246549184232,0.165439505865098,0.175248236057065,0.172871258942298,0.181317682452705,0.176965068223219,0.18419108280674,0.196561900252283,0.211384701272697,0.252355946547721,0.180437921403664,0.0907903897955114,0.0914887877012205,0.089732601575424,0.128768269792311,0.0955720599858949,0.0928698286133616,0.102946625500088,0.104633130701299,0.0991674711129963,0.102637010887625,0.0981999604542681,0
0.0344553277224005,0.0350994082800178,0.0401591672395848,0.0357318809294549,0.0369643750259011,0.0259226309860784,0.02548692548476,0.0231859060162055,0.0259226309860784,0.0347788590243082,0.0441446498683264,0.0777678929582351,0.0968780663245855,0.130130574771872,0.143942591270196,0.175433212686794,0.199901418227157,0.216780988450736,0.192829064494874,0.17182096561662,0.143864763423863,0.134114650726413,0.128484930577632,0.143942591270196,0.149439714584028,0.150856943492418,0.156469080799131,0.161817581448372,0.162163272039861,0.166793548453626,0.167463673886306,0.177716604374207,0.188897555657729,0.198890390242677,0.222240265472233,0.230745394250922,0.224994897850543,0.209797219283873,0.19160548049547,0.177527443485717,0.165512835456448,0.142613741728521,0.13494715189738,0.127082597393758,0.119637927018234,0.122688282481192,0.111798390098745,0
0.108627632487326,0.0900414196647173,0.0767241984485035,0.0768983739245253,0.0674443355221754,0.0582938689159113,0.0576012439030026,0.0465546996374252,0.0450949402369836,0.035462548971067,0.0346998243537892,0.0417039986523937,0.0485246437496056,0.0692066034137245,0.0824399800240812,0.102022466824334,0.118860617136867,0.139472384204316,0.145113690036059,0.164392388867183,0.170229666328828,0.181267607629391,0.185282476863233,0.192506725256524,0.194923944738627,0.204044933648668,0.202333006566526,0.205872627900045,0.198528285944389,0.204372506397126,0.188574736715788,0.188290738457169,0.189847471543612,0.182737766400649,0.197650286160424,0.195266819136844,0.186434204982096,0.185282476863233,0.17753895725205,0.167136486729453,0.158761966981541,0.146124307243045,0.132688708311426,0.120758934019639,0.117615969046633,0.117502165469866,0.1126186171729,0
0.10344339777136,0.0987969097055413,0.0863541031543338,0.0795955095993662,0.0717860215906534,0.0653769989373732,0.0615560056790333,0.0467177235859211,0.0492448045432266,0.0325723765458403,0.0286086461824734,0.03693360340742,0.0450663957250216,0.060312321806998,0.0766860360702255,0.097717129637521,0.0964682971091851,0.129589647014785,0.141552047050939,0.162395896415808,0.165995901832735,0.184174910637489,0.19293659421837,0.197747171253654,0.19728675812313,0.204009641726479,0.202966869296023,0.203339901901312,0.208201303055956,0.202892180473146,0.206373337006423,0.209724482172455,0.209362825614048,0.21857149918885,0.214370502114415,0.137753483841488,0.172708206308668,0.184010248190052,0.18009734620184,0.171740152686736,0.164251909779823,0.14834869658542,0.132709951585443,0.108030351532725,0.0600604947288118,0.0801647338449182,0.0929475302746574,0
0.0571569226698086,0.0490880693673816,0.0422381263100033,0.0356977321626598,0.031564107206806,0.0263645224588961,0.0259213896811645,0.0240674061143149,0.0263645224588961,0.0366583808426608,0.0466684319362492,0.0790935673766882,0.103237670847966,0.139922525895626,0.155751638041302,0.18877194463328,0.208763072379311,0.227612013996763,0.198931343263739,0.167851825736723,0.139424874552983,0.131205997964121,0.125150511794438,0.129606948405822,0.143034115194105,0.14694920408774,0.145443618470685,0.149062563449236,0.144083180588983,0.153201848233406,0.15760016747967,0.158917795153065,0.165977878535406,0.183038913196641,0.223036172814386,0.239274079799993,0.241970210867316,0.22694938664025,0.207984725324937,0.188218810609579,0.173885968195036,0.155006053874422,0.135206566297544,0.128889892013325,0.117905728824823,0.0974655662681459,0.0798225557582879,0
0.0604895263891265,0.0488784260787248,0.0382569355949,0.0334547196832659,0.026650949932498,0.0241066912452664,0.01912846779745,0.0160711274968442,0.024549052752525,0.0337748678359746,0.0454560129373286,0.0861718210717397,0.106097846234568,0.143144345663993,0.160107473428686,0.191115822848484,0.205863134697552,0.223508113884226,0.198897111910998,0.172281187478575,0.145899522072157,0.135893713761591,0.124572837205552,0.140028008402801,0.139411820557805,0.149181851484046,0.148458716583741,0.14824108824795,0.148458716583741,0.152040001125606,0.153519229855933,0.148095825020266,0.166822638539815,0.177147278813163,0.219475357220798,0.234550383950277,0.244788121142753,0.222494685282142,0.203549992346917,0.186441241753046,0.1688106009858,0.155400407008326,0.142541629952654,0.129153617429131,0.119637284269364,0.103114371240463,0.0942824260821297,0
0.0665043719789952,0.0511712055412806,0.0471425266033667,0.0347883245180661,0.0314672235031491,0.0256928804016098,0.0261175848827785,0.026535492776409,0.0281451403264882,0.0366367621855503,0.0464371123587158,0.0812480217193887,0.106452479729327,0.140177366726939,0.151130056491974,0.190601232472422,0.213111563058418,0.232800749319048,0.208149334169772,0.174194444849622,0.14841206458537,0.133668841034491,0.131427726795017,0.143742423919571,0.147295888818481,0.144961893691815,0.149887369881676,0.153011115712186,0.149740493442792,0.155578116891437,0.155790124416854,0.162563736023859,0.170556350864276,0.180033589848042,0.218716696561444,0.234214245909256,0.233320025690177,0.216288683914393,0.196456753276925,0.176827255707744,0.158797798307346,0.149519908260264,0.136357968513646,0.126479276711239,0.119225300831675,0.1018034794214,0.0800200212591501,0
0.069664923618388,0.0533100824497858,0.0467560353225036,0.019836905782764,0.0251788955939884,0.0229056857871361,0.0203804832971411,0.0219305244943532,0.0224234068104786,0.0327292247257525,0.0415576732129287,0.076970148329756,0.104235552429215,0.136075325930166,0.151795180700491,0.185439411071961,0.204233445080945,0.228531333049983,0.203267796904962,0.175879773632362,0.146220109718857,0.137831209207488,0.128812665171602,0.140346011058753,0.142969528030943,0.148519425686707,0.149838321658191,0.149180331216371,0.150129836178245,0.153798219751846,0.158695246262112,0.160816294281105,0.173312961918456,0.180298935374305,0.214467034050053,0.230721018833522,0.235132192096942,0.220200575137252,0.198313947656323,0.182588154862132,0.164644990220116,0.152871501300133,0.143198707223784,0.129995232474434,0.122193479003222,0.111334357579227,0.104445071338983,0
0.0788136261890069,0.0602554291203626,0.053322906762065,0.0418299295540397,0.0356169016017612,0.0343667939933993,0.0303086634217076,0.0251849526474594,0.0264555703510313,0.0362257816323118,0.0467672829884301,0.0752648190294147,0.094001075434297,0.13457280600936,0.147965061311041,0.18022098811759,0.203639164342111,0.223653254387684,0.201696615988048,0.175361721419373,0.152263241907136,0.142544346302945,0.134735235526551,0.147669130892192,0.152047622386302,0.161194552161245,0.160173677090671,0.165611659090849,0.16234378348229,0.171706638367468,0.170620483150693,0.176108474498362,0.194464188805788,0.198471885751457,0.220005149751531,0.219108588925062,0.208783315064518,0.198637118375401,0.18022098811759,0.169075209207699,0.154544466218203,0.143918667445872,0.132195152246132,0.12132482450903,0.108777925524569,0.103206397825154,0.094001075434297,0
0.0974743637132295,0.0906051692347471,0.0735531175321616,0.070182462305296,0.0643818447725552,0.0553930759386878,0.0505667287020266,0.0415042951872339,0.0374114661123913,0.0328120263679059,0.0359437739983128,0.0408506433886988,0.0518803689840423,0.0705649308718765,0.0865018616381096,0.103890357928639,0.118759592767165,0.138822406084861,0.143587766798395,0.163895989595491,0.174860703738878,0.180391556822312,0.182394732374529,0.195017748043749,0.190408728999874,0.194395680276909,0.194672400246565,0.193284838724032,0.19570661542382,0.197622669936181,0.197554559415483,0.191746924068347,0.191957365240957,0.198979984445393,0.189700624170706,0.194326438714507,0.189913332842466,0.185540331607232,0.182542241280462,0.175552007262202,0.162079454017414,0.144521984634664,0.140364924610592,0.131350603031542,0.122111885907961,0.120782134265331,0.113664193537005,0
0.0997671972539716,0.0868510417224564,0.0833522362105943,0.0728207280875538,0.0616434039934393,0.0607163827056308,0.0519034249085875,0.0502376385460022,0.0394925847068023,0.0422672982447121,0.0319510742131729,0.0402042200564173,0.0448707561223446,0.0654368955240526,0.0669364625458264,0.0870141424139565,0.102846289902176,0.128136688303125,0.133660932994927,0.151744244666721,0.160463824080306,0.175730908172451,0.177816331963309,0.187972031359728,0.185466131747574,0.197319261875464,0.193546633800579,0.202706841327251,0.198822532108529,0.197175495545357,0.191188018555561,0.198179669714639,0.200456036338488,0.20624329720176,0.204239881559897,0.204170447635891,0.204309291886985,0.196455085772684,0.191188018555561,0.181603440048328,0.170155928275816,0.153231968915239,0.14199367972438,0.124203451150429,0.113963808054485,0.0999092146885027,0.0930002536928413,0
0.0874247865645238,0.0668253510988673,0.0589748831404292,0.0398589121550355,0.0398589121550355,0.0403939550504801,0.0278010265255211,0.0293048550371347,0.025378748916379,0.0434661243181912,0.06041350633076,0.113497215521845,0.136196658626214,0.183711292466674,0.201117578306836,0.243424408150818,0.275450049219164,0.210913538183587,0.232230575948434,0.212232711976277,0.178013426771078,0.15644511519796,0.110429155154851,0.0799866878872273,0.0786331775205723,0.0815812637668291,0.0864369041561708,0.0702705737866,0.071482224685914,0.0702705737866,0.0797178243100709,0.115744903336867,0.133811243639632,0.15903116006498,0.209995409595503,0.218512845842893,0.223755569821129,0.224330531547987,0.219590960171795,0.19372260298237,0.171377037210834,0.177651242414653,0.15671933997493,0.1222402421472,0.115744903336867,0.116484494909023,0.09585868483136,0
0.0568523920161242,0.0465014368554115,0.0381675740436056,0.0320044837866595,0.0297945529382549,0.0238547337772535,0.0269885504276732,0.0196711174069211,0.0207960747720229,0.032707963072274,0.0375664723189099,0.0384646024458522,0.0772245196239933,0.101879543688444,0.126856953262111,0.166642006081545,0.195259411245921,0.223115098877455,0.205704723673715,0.17082388016132,0.142889656204293,0.132903197719378,0.127036256465751,0.136785631114639,0.144473847145592,0.147205163503408,0.151172023453809,0.150870583426146,0.150492934314634,0.154449039247987,0.152595731922759,0.163400573262594,0.174057843108528,0.186799473238413,0.221373985885928,0.242896953849059,0.245645851242819,0.239309471783833,0.211649436645846,0.191967626008336,0.180981826450819,0.162071806976478,0.149962627837823,0.130308871439115,0.124411070252912,0.107954201710693,0.0995059838922027,0
0.0637073725628774,0.0555993490602479,0.0444605638830018,0.041271813188617,0.0324261988639283,0.02469505732333,0.02469505732333,0.0189075605708253,0.0238282924543919,0.0352238680422858,0.0439850361587206,0.0787629633730336,0.106464647927776,0.138182792160878,0.145737637999979,0.18463011792494,0.210095746003082,0.230978349275415,0.205951039709103,0.177664797724102,0.145593271805062,0.132986953607766,0.127249593085992,0.143190217085103,0.140446997379917,0.145521034999918,0.149019464610349,0.151051801342975,0.149723386641191,0.151121394436436,0.147957302357559,0.157325554487634,0.167175846186108,0.181470868832818,0.216066544727957,0.233468631820283,0.233963507594759,0.220736451438901,0.199993691150259,0.186499981155497,0.169796903921014,0.152782118964685,0.140820825556132,0.123219555682927,0.122963292898053,0.115375313647157,0.100154445114329,0
0.0881840090449288,0.0757557234714654,0.0567981120860455,0.0469817052719834,0.0432168832152246,0.0359222801978882,0.0334756537935111,0.0273327568667221,0.0324453859557562,0.0395231011302974,0.0561970569465515,0.0992364218789126,0.118569303390892,0.161807738045124,0.16149263017442,0.202117962441853,0.205285364690866,0.110566445521712,0.109331027466888,0.0934197411173169,0.0599963776865458,0.0706530257013088,0.0651519028334127,0.083435145629499,0.100426961380533,0.113146929501107,0.157122833781118,0.170194927955465,0.17559616310331,0.187565075187376,0.186384552213947,0.190707087319885,0.211156502934016,0.214111001077469,0.249762179738249,0.256271512835948,0.252802816018759,0.244471609465859,0.219746464266111,0.204871399025216,0.187565075187376,0.176752681617888,0.152182349620433,0.0672044325260959,0.0669513075870222,0.0846473419988531,0.0809563188621217,0
0.0794870747824367,0.0622579780680995,0.0541760838249808,0.046858134909591,0.0409923288667834,0.0347831444619979,0.0331337049483259,0.0341329348963668,0.0276001485216694,0.0354214205345977,0.0451536286262724,0.0749909441205228,0.0893093563764677,0.12585824382096,0.140494691422262,0.166545262319971,0.195391989879216,0.222670491395292,0.2032051115097,0.18307867360892,0.150056561827072,0.140175384892596,0.137594259420202,0.148254015186998,0.154905449388243,0.153744005079798,0.163421837092422,0.162734899049156,0.164378727628712,0.166679735706691,0.169015701757804,0.178493234189677,0.188029270023074,0.199982075239148,0.215043741209522,0.221662014783712,0.215927521943352,0.205616475536886,0.183384365379011,0.172557742739487,0.155050018201219,0.146811304148669,0.129109568108454,0.120585283558911,0.11709751308857,0.112112333281849,0.103595220058127,0
0.0977673276039139,0.0820904895502237,0.0851256530758749,0.0733855542728395,0.0630526656044299,0.0546697172532343,0.0471962443320478,0.0444265833769709,0.0465949937397361,0.0344126835095807,0.0356205115417654,0.0441081091391231,0.0538905365382653,0.078580710738401,0.081053515421988,0.106332513877857,0.114749905199294,0.132537238781798,0.14258095770009,0.167580531826545,0.173775533523651,0.178576866292247,0.188111678256046,0.193140707178505,0.194812323018906,0.200166287381727,0.1962543288044,0.201989205382269,0.188710284950459,0.19789964629851,0.193067699915576,0.193286638976566,0.1864556008395,0.198184394138297,0.197257460788118,0.192921602505387,0.188635562997441,0.179443175910099,0.183175495848561,0.171899469518728,0.158767883205666,0.151590749251257,0.132962038713281,0.129415745259072,0.122014334753334,0.117661570585212,0.115362562544605,0
0.105524764454175,0.0967150441607281,0.0904923072503201,0.071928529974166,0.0630437017148397,0.053966241659144,0.0526811467944165,0.0500119906132353,0.0434104267950241,0.0360831554435517,0.0255146439007437,0.0341312480803918,0.0409742252845462,0.0570524781837633,0.0651813803811043,0.0903027943569675,0.0965377478720216,0.135390939516343,0.135010805103478,0.157717912868973,0.166695216723691,0.194842005514723,0.188949858236433,0.197808870398991,0.194401882961435,0.216340615321921,0.183615889194299,0.201328419066253,0.180415777217759,0.18876843730335,0.202516207655217,0.20285429838751,0.201328419066253,0.19910372736508,0.19832782766264,0.205705635483849,0.202346950452513,0.174919585835728,0.165250153522544,0.160089743898713,0.153087863404462,0.15185190446892,0.144095037050542,0.133607726063218,0.12662971734501,0.114853193606808,0.102393744241176,0
0.0562442829872872,0.0513437708714021,0.0391634917733436,0.036959734849479,0.0313460879245498,0.0332024655622785,0.0263627322027889,0.0207695779559061,0.0234776885511999,0.0379198878543727,0.0499238521931773,0.0814763009391925,0.107476852185026,0.136634429538453,0.148000954722586,0.188076527547299,0.202495988361651,0.227097604192537,0.200533714024284,0.174390261989841,0.143060702863885,0.130626537704531,0.12150153793616,0.138290664912759,0.144062306946982,0.147514374924304,0.145139578200132,0.14727048215635,0.147433122164119,0.147351824599534,0.14727048215635,0.141798749043095,0.163026119861768,0.174802045944475,0.221974442668901,0.241519224775099,0.246625073651831,0.227729895729498,0.209876673739783,0.191360852117545,0.174802045944475,0.157264706123393,0.139068313020063,0.12887184209888,0.121698620852286,0.108254472625101,0.0921070875657264,0
0.0856044521283568,0.0756918700618661,0.0669753615775781,0.0528962220180608,0.0461716078809435,0.0426723252302687,0.0410814891972449,0.0282742199780445,0.0312583263023814,0.0541410093152912,0.0656357190147867,0.122340240649371,0.130932672463455,0.146765929469138,0.119586544195715,0.123424518042142,0.178573331969654,0.267901446310312,0.263892719795082,0.244589707605654,0.169120912678909,0.180305892744114,0.173655789636039,0.19211217632615,0.137710900291082,0.109910411037501,0.0874014431113692,0.0768564287572727,0.0832370498426794,0.105582329739266,0.0995191851763065,0.163920046024637,0.197695013920549,0.210532743868728,0.259051798736953,0.154001520412029,0.129225524176821,0.182630937509458,0.126621653635158,0.154577229038031,0.174929877075828,0.168463108114279,0.158828541503159,0.144632147136909,0.140425463190912,0.133452454634206,0.119214578927009,0
0.0700057466968958,0.04989702948978,0.046073944880882,0.0376192184650926,0.0376192184650926,0.0280397099161208,0.0319701881732695,0.0217194659075246,0.0261035493350906,0.0379659467022362,0.0491028616140236,0.0915773091068715,0.114012830383453,0.150824797732603,0.15653760842989,0.196411446456095,0.215802565267748,0.241315332300872,0.181501629244342,0.174132393055064,0.156118497615069,0.139730439594033,0.132806833227471,0.148548727100541,0.154938956181358,0.158451240473595,0.162291554395282,0.163177300044572,0.156370098902585,0.160178504613282,0.16269476384752,0.164536801166401,0.119292407606107,0.138600525310222,0.198402826671284,0.222440510935413,0.235043471173304,0.22848492741703,0.193792062188163,0.172620798543019,0.159358332789411,0.149340523378101,0.13437624466055,0.130014786243236,0.11994967102455,0.111924931506514,0.0978046089994015,0
0.0757596645345714,0.0568816098764097,0.0468457569222658,0.0417656076124413,0.0389780258356503,0.035581906662008,0.0280673864862991,0.0212169498840807,0.0313802920670619,0.0359750888373167,0.0494746334798024,0.0774127973059465,0.0733060203083903,0.110118831492202,0.134397278118426,0.174153553195433,0.20929905405174,0.244570791646754,0.222462021313855,0.193513820393493,0.162365126288218,0.149274474167514,0.14360678070411,0.157259683313774,0.163573602169405,0.162191751838036,0.160798026735117,0.161844445761031,0.167650828252727,0.17146721911397,0.160972902291676,0.099091333460561,0.145359335086811,0.0904835130195086,0.182669190304998,0.187007284323834,0.217732325863713,0.22591319651636,0.216306257775277,0.198678921916773,0.183053838425827,0.161322084702626,0.15114750193426,0.125409045719504,0.124846922559316,0.124055671077501,0.109991009241933,0
0.0858346554135613,0.0698887545800785,0.0641902784425794,0.0487237170207897,0.0397827483575648,0.0365661154333148,0.034650309980894,0.029084502056677,0.0330377742725456,0.0458380515303724,0.0373048994681219,0.0397827483575648,0.0723821368753482,0.123946704248389,0.133486509370895,0.159900779670082,0.0946057880726445,0.088186725295229,0.171191787479793,0.178679083750302,0.159216709026796,0.117968450202869,0.13163386967657,0.138601239923576,0.149858266144319,0.157059785918519,0.166996063465514,0.17753001019973,0.17913664937466,0.183946542221902,0.182382279204231,0.196011753261648,0.213407144251713,0.213343202034771,0.231264419907819,0.232147673612361,0.228415057473538,0.213087241292295,0.197606216427554,0.189643731050402,0.168298196735828,0.158185056420189,0.148945044561948,0.12699146295817,0.133179525807684,0.11889009272872,0.116922918943499,0
0.099844715068575,0.0895495061553859,0.0886247016159867,0.0739261871892207,0.0699168366404532,0.0608889736602085,0.0508084207557789,0.048029870144646,0.0395648202755028,0.0363071691158455,0.0339622468787885,0.0428952467881646,0.0542080341956465,0.0764824112025392,0.0777290052609937,0.108162463205627,0.114333960023399,0.137056557819004,0.139440328835661,0.163718093361325,0.173491038433932,0.184015034627594,0.184387761431682,0.190324267590402,0.194110409200079,0.198793493748763,0.19608112377753,0.19516862388765,0.196011082295111,0.191904941728215,0.19240516026141,0.192832886228904,0.193401716037468,0.192904081684987,0.186461263290326,0.185945055519943,0.189528987020139,0.185501448393709,0.182365986804306,0.171420855538537,0.16262410258694,0.152695280658381,0.130171033045669,0.135342653336264,0.128898972889139,0.126966988872787,0.112395955909884,0
0.10061552692571,0.0946329219722955,0.0842140210117351,0.0738316118505052,0.0705571174258557,0.058725288187363,0.058725288187363,0.0500305835933733,0.0474631790467533,0.0380290946110216,0.0349816791678976,0.0431669849080245,0.0459749335564389,0.0612747006687121,0.068354790249803,0.0953648193555662,0.100753640274083,0.118393969653372,0.132683270884757,0.151841882499926,0.158386288822035,0.171860698466472,0.176412501155736,0.186527542728252,0.198937549562918,0.194340895284371,0.191384693777607,0.19576674635584,0.195979729279778,0.199426254579696,0.19590876069904,0.196970604577814,0.195340083851486,0.198797698895678,0.19312064491124,0.201023634740619,0.200122334373493,0.194769746622973,0.193839369557228,0.18015641959473,0.165345002500957,0.155551405807546,0.150923290388565,0.13772300860709,0.121180091305745,0.111248539872496,0.104013357349257,0
0.0672733074737897,0.0571930850375888,0.0451531228024437,0.0409918696590217,0.0354210237337403,0.0313973817673295,0.0284000003786667,0.0254897804269671,0.024595121795413,0.0354210237337403,0.0466179275500739,0.0780641342192162,0.0957257437794849,0.135211046716559,0.148705034401501,0.178616711815161,0.202263483225477,0.222617682210274,0.20048335194016,0.171579255112766,0.145737482823458,0.133459858415583,0.12902132640044,0.13329187866567,0.146962189084091,0.150725270848929,0.148478866917908,0.143412972036914,0.149456454215837,0.156128268438432,0.151909770565139,0.15555320840551,0.170202665781626,0.174685014088395,0.219475640653074,0.233617696508761,0.239209014539593,0.229749586547414,0.205232445482592,0.187251052041284,0.177547329391202,0.160235745132018,0.143100184375469,0.131855410782082,0.120397989776021,0.104133334721778,0.0943109997912907,0
0.0755680244269325,0.0621966321647047,0.049736145915484,0.0400657354593016,0.0376968517462526,0.028562028528874,0.0324442842261525,0.0246020966158321,0.0271448357015318,0.0390680917050434,0.0557248881371218,0.0838231220456127,0.0760885910252682,0.0965183374995871,0.0593827903476562,0.0884069537631753,0.165035881266054,0.208250860868885,0.200525625085148,0.182454031701715,0.147612579694993,0.13736237131264,0.132981993240874,0.147434195847718,0.152953381270586,0.155766356748615,0.158861078006109,0.161000163452026,0.156103879044153,0.160591013709393,0.159604775024203,0.167095938405393,0.177704663327728,0.190774046563219,0.232944538237617,0.24072259640726,0.246768589658622,0.235304953310872,0.209824488059601,0.19290030149222,0.177185599985172,0.161000163452026,0.150700120490295,0.137553817219221,0.131188895550612,0.113323012945994,0.10182544403356,0
0.0673033720328525,0.0520092832472366,0.0446824595021117,0.0373553039468265,0.0337313350888296,0.0300275736831515,0.0270168713444119,0.0179449075674996,0.0245174112458486,0.0403926542645764,0.0467945938300731,0.0780826899127389,0.101828456655871,0.13524318612051,0.148050018904836,0.176615332507623,0.200308900370704,0.227742488141958,0.203867629263929,0.180344089085882,0.146299612321949,0.139232131341467,0.134526977099254,0.143708723631535,0.148917506908379,0.147977498685493,0.149708288512644,0.148339745246345,0.144528007781823,0.1537408421282,0.146519556739275,0.155338372883041,0.166929442274818,0.172557494659928,0.216878641850687,0.232269315696835,0.232454096406806,0.219779335108913,0.20137779216652,0.185160376079216,0.175334389342563,0.161171512413203,0.143109934678723,0.133485668971883,0.12197258089998,0.114247678962423,0.104943194158215,0
0.0749391914652266,0.0647300144631778,0.055812720579057,0.040831545313446,0.0391866411998366,0.0334483045213615,0.0260777349762115,0.0219684977923078,0.0307130713183825,0.033774637171211,0.0429268146760237,0.08030871661161,0.0957584618180659,0.135503885775343,0.151769208760773,0.177425064167262,0.194302977416753,0.222857488385355,0.203565885819492,0.174117748199363,0.147443573366124,0.14027660354389,0.129205603468012,0.141444622068879,0.140978575918643,0.147815061920082,0.145421137487832,0.14899760126099,0.151624597761988,0.150170828833766,0.146697774080044,0.156536495598682,0.170682131579681,0.174683781743629,0.21376355106509,0.229070734355481,0.228783257897077,0.222414088499784,0.205763185574816,0.18816584089266,0.175560650984099,0.155974927885127,0.144285313243784,0.138228659994179,0.131644453539206,0.113863036362497,0.111821792129844,0
0.0832476246929912,0.0676306900100581,0.0560506531129185,0.0499485748157947,0.0492499589437269,0.0396337969060795,0.0369179204002826,0.030775360690983,0.0249742874078973,0.0372294695557837,0.0437875120102023,0.0791217471498577,0.0961260770517908,0.129592070505584,0.140620327674362,0.166425861906667,0.190744270790453,0.214190815985901,0.205494081886575,0.175413629902558,0.149072920303881,0.143305250870712,0.137042886047172,0.150230635753093,0.153124345139068,0.158243494299715,0.163978803587712,0.163484996647991,0.167187540311276,0.168974223212132,0.172022711182847,0.173958987430016,0.186023208153388,0.189955441096004,0.222184359750956,0.21793289018261,0.21272985361997,0.1977605687005,0.186395378998566,0.169520183352693,0.158097445819777,0.142820837368982,0.131010357016149,0.128428180320831,0.121970318233087,0.118317105164007,0.108221912100888,0
0.107967725624118,0.0997817723345603,0.0848791923199689,0.0764458968154294,0.0752226835442641,0.0634008315414977,0.0478342685796369,0.0550473371908935,0.0509639312102863,0.0481563885059359,0.0434298365934469,0.0484763680293855,0.0609135486266841,0.0786390531298478,0.0800034011830721,0.119262028984358,0.127531112991804,0.136886175532052,0.146171364636116,0.167003874368193,0.180013020496611,0.184508737537712,0.187500966263241,0.196911937793997,0.196911937793997,0.19816417259424,0.195018509799783,0.198320145993117,0.193186561609897,0.193745944758478,0.192062907765278,0.199563544669121,0.190770627941203,0.20423456873761,0.181126072370403,0.152588135349718,0.15961984459927,0.162213897004269,0.173719346373788,0.162499568896256,0.164297289861395,0.153396554969758,0.14274666977285,0.132408177314492,0.128135815827805,0.134032878306582,0.116905357005235,0
0.104346067473541,0.0970170339004977,0.0874148073866176,0.0797641808341484,0.0746674818643305,0.0766184849369171,0.0624712973578433,0.0509003290749128,0.0531075504172524,0.0424705992864688,0.0454545454545455,0.046875341618415,0.0549289071015131,0.0635125573641611,0.0728894296124794,0.0978584809996304,0.101639453522718,0.129327872262248,0.14015882746807,0.160348564306945,0.163688463727746,0.178450044012476,0.176881019115276,0.188373876381252,0.190451592272372,0.197052929467377,0.190020608257044,0.193271984729636,0.185744051540476,0.191139145383172,0.181547417435905,0.182268561952889,0.193441595981874,0.190881603188433,0.1869759062164,0.188634842393769,0.191139145383172,0.190193119058127,0.186536891977805,0.182448402708974,0.172563908467487,0.166863323568901,0.159116674887352,0.140859042454753,0.131215970270369,0.124811283492108,0.112074402303027,0
0.068631897418601,0.0600168532519903,0.0526382624382312,0.0440403300482782,0.0359587789073477,0.0311412160228312,0.0276037376987597,0.0263191312191156,0.030390714988387,0.0353108199088077,0.0453321090999464,0.0779271505355983,0.095259258618206,0.129383806868498,0.142626057065516,0.173187083034465,0.191726636617643,0.21494852352181,0.19812322224812,0.1735865924074,0.141569854128153,0.130538645756627,0.124193582001405,0.137599814421605,0.141732859195536,0.145669516144202,0.147559361845289,0.150195943660502,0.147637580436441,0.14872832145309,0.153088984815037,0.163376594443345,0.16954914251436,0.185233838596851,0.218306048398291,0.238765440939469,0.241314524844058,0.229495177872529,0.211155335093792,0.190154584683975,0.177271934733392,0.165343365461572,0.149811121240649,0.132033579622435,0.122131356553965,0.108622894672951,0.0928037099136536,0
0.0676627171679392,0.055515217630172,0.045327985384494,0.0340780060189405,0.0375096298241423,0.0313472062753438,0.0350472420681884,0.0263119690960638,0.0275557326172153,0.0400994810019023,0.0472576915641771,0.0851950150473513,0.106513427382807,0.141062428239047,0.15174061367169,0.176948347140876,0.201441973321311,0.227377769113911,0.208470170425007,0.17498113566375,0.147183243938148,0.133414079517268,0.13416524386188,0.137778663086077,0.148917976956816,0.153642016013116,0.149067869271517,0.15100293009165,0.152401475991996,0.158858963723538,0.150780921253004,0.153787304003985,0.166210077992068,0.175044939179331,0.222462790977196,0.235199019416787,0.230644648308262,0.219073936065751,0.198031719869013,0.187607678768019,0.171760743862468,0.155807111224639,0.127595767223278,0.124674353045626,0.111130960799505,0.110829110642746,0.100025679531046,0
0.0684217475928401,0.0596084342879743,0.0506837506540939,0.045438719327532,0.0404046466589512,0.0325014842991206,0.0249840897203489,0.026386139598339,0.0272808378183068,0.0366666193783984,0.0440980480431041,0.076065089065024,0.101722140880017,0.132294144129312,0.142346921807029,0.170931516600493,0.200831345410048,0.219781354215322,0.200292681913155,0.176460231593335,0.153309194820869,0.141246393859664,0.136404189091534,0.149904538322093,0.1563330301803,0.163685026909841,0.172886679231411,0.174269794707293,0.175368433136205,0.177003605417055,0.181952903383728,0.189767784079107,0.192842416830051,0.192904654177752,0.205440608246455,0.208456837246904,0.196052562358068,0.189387868214407,0.177883047815731,0.16695251537699,0.158013257564603,0.147075133857358,0.130282644009416,0.126258578809605,0.11312027737177,0.109013292393714,0.103824542800369,0
0.100324869445424,0.0912520311139676,0.0914732484837203,0.0707978016025263,0.0666814864215828,0.0554262792927172,0.0528121046357254,0.0416910811423351,0.0407099770982117,0.0391922979438198,0.0412034493832354,0.044504811888787,0.0635783026982671,0.087174176675813,0.0964212700610333,0.119113911927674,0.122954585708431,0.13929308222293,0.148697132251227,0.156252652671609,0.165669978865843,0.172249099309996,0.181838391697844,0.181615959331163,0.18988530517134,0.180387678682995,0.185796643946805,0.187529051066054,0.196270658709213,0.193052037783108,0.190840842514574,0.18514281208693,0.191475218255815,0.185687831847313,0.184924354415465,0.180275601829254,0.189672309809664,0.180499685945376,0.174232391680432,0.167851535592403,0.158053154183248,0.160590285079989,0.142449453777269,0.121798506175373,0.165181275798588,0.155864124960476,0.150990103110494,0
0.099110668132143,0.0857844989237167,0.0756065521912975,0.0592893512838756,0.0543758506913498,0.0531537654047288,0.0465646965862105,0.0425075578394188,0.0417275363832808,0.033909300566901,0.0392946783936132,0.0603873955173579,0.0773251023773615,0.105842965451293,0.118717148268807,0.137918997448108,0.151971612711088,0.165824057926448,0.163730613472961,0.161202974623806,0.148914400035926,0.15132169549489,0.157700383490509,0.169449591421709,0.17619789429299,0.180526368443342,0.180253188410249,0.182876835751379,0.179064592414338,0.181343439410368,0.191047711224513,0.195215278334038,0.199460489838967,0.194287483900383,0.203697868690352,0.204261572112767,0.200610127542891,0.193185254936276,0.191477128963902,0.179705582521802,0.163730613472961,0.148140238980071,0.140514792269283,0.126487989697954,0.123730784927874,0.121857994702413,0.111142134226674,0
0.103664993070613,0.093013217992343,0.075518074100368,0.0690788015194738,0.0662112001792327,0.0550097333523889,0.0498290061834624,0.0478429823708276,0.0513625639284927,0.0453450800861556,0.0378872514668454,0.0417828919040547,0.0482467277766541,0.0757745029336908,0.0835657838081094,0.102725127856985,0.11331991376351,0.134024048908804,0.141350013070074,0.168518575362141,0.176172140860563,0.187377106425557,0.186026435984686,0.199023843744027,0.200093088206111,0.196374653010839,0.198438191144072,0.180307689292846,0.187997219890428,0.190253677559603,0.193689231274244,0.187997219890428,0.189538627650985,0.190253677559603,0.191270540374481,0.194887320418335,0.19834041425164,0.194089416063021,0.160741994596358,0.158432537773811,0.157450000931394,0.151549005867382,0.148836789202091,0.135463661090721,0.129159533052247,0.127800715831724,0.11883460591513,0
0.0921265525835611,0.0812033284077263,0.0747130044583248,0.0687990033801108,0.066629660465277,0.0571344624916038,0.0511026167956552,0.0460632762917805,0.038750477802655,0.0391694140622004,0.0378987149366568,0.0356804603899634,0.0442561643448987,0.0591003475497293,0.066629660465277,0.0839701678995682,0.0962847076328361,0.118889114986215,0.12762872150492,0.149753339010804,0.164305045786096,0.182472840178712,0.171308136904813,0.180584674250067,0.177301042649188,0.172542292943918,0.193583835358915,0.198166828845243,0.195513429403799,0.193330729342599,0.198906720014579,0.197093193616708,0.198413765799417,0.201677369033781,0.206159635697055,0.205127838935128,0.201434432945963,0.202000829336307,0.196678696431065,0.191379129330171,0.177301042649188,0.161094869854461,0.151379372985607,0.140996000076617,0.126859094056075,0.115970292891423,0.110048746669822,0
0.0639945264884154,0.0574181575504145,0.049983899532669,0.0369472570947493,0.0328903816549593,0.0355256724962437,0.0268548841666823,0.0253754803544598,0.0291542073164379,0.0424613001333545,0.0448220348717578,0.0714129317805888,0.0895002940780169,0.127282761916155,0.146212099728066,0.163509482702615,0.167170305795406,0.186401860435266,0.159280416645774,0.156012778712835,0.142374310538637,0.130874516563159,0.117057726223059,0.112913759408442,0.136368124182234,0.148831032082538,0.152337443578503,0.157573356009659,0.152337443578503,0.15773672915464,0.157327978197651,0.167555048089795,0.180861499948315,0.189824876083635,0.237175915053072,0.251614234725599,0.254767800800127,0.239982828318942,0.219758106201951,0.200707056680667,0.182138686077045,0.169845200533418,0.149003990923099,0.13408246302142,0.122224498668205,0.108611798893963,0.09316637936187,0
0.06363791942642,0.0487313339944293,0.0416971349281127,0.0332048070247345,0.0322327477014219,0.0283851430406874,0.0247969512227061,0.02110128659974,0.0301948945030587,0.0396109399968789,0.043925830859669,0.0836481342786388,0.106207480132823,0.139362852071329,0.151325168626642,0.179641476115778,0.207517272431985,0.228616594203062,0.204946981611111,0.175884243332262,0.142522044364316,0.134406132997122,0.127774635691231,0.137679109452265,0.144002063749886,0.148139018770838,0.145175216038344,0.147995820072536,0.140574725768927,0.144296246004928,0.143633488628577,0.151325168626642,0.163967930595098,0.176004753276741,0.219870372552595,0.233389514683302,0.241690783945976,0.22633293423765,0.20939897717355,0.189520411980501,0.173822791813992,0.157369552618757,0.147493529779742,0.132419530448447,0.121130172590078,0.107497295959254,0.0909351091252655,0
0.0655327611833231,0.0580757028628544,0.0492958694872845,0.0406813243109215,0.029307141751834,0.0274620394655193,0.0219505524271992,0.0285833969156843,0.0296623928042456,0.0377429631370723,0.0525858020371251,0.0826400053416879,0.102344978409472,0.138449720578673,0.153312641015167,0.180255047825798,0.20247758366411,0.226133771614749,0.203920924832083,0.1753059245232,0.143939398115827,0.133676803512104,0.127336238555736,0.136468499694323,0.148099938231588,0.1490165378874,0.149227261355225,0.147462031727828,0.147248782112672,0.150554994359519,0.146321109119356,0.15358568244433,0.168481097994023,0.175246164533557,0.217395767347541,0.228483874955075,0.238619682080572,0.227795184927858,0.198612554197418,0.182162561770119,0.170704551763793,0.160912866686075,0.147177630244728,0.135312292755132,0.121958117155038,0.112672478724975,0.0991215210743151,0
0.0840893271139162,0.070915122414166,0.0549306176208651,0.0461897811793993,0.0445095868567422,0.0357784506545557,0.0362018790104748,0.0317142068701588,0.0366204117472434,0.0484442511959971,0.0546524861242479,0.0970456614610466,0.117761297781169,0.163864485607472,0.178807046193273,0.212745367242498,0.243351083984017,0.27192070845278,0.251602604857554,0.216719606845957,0.177008222980581,0.163492065840539,0.152496246350094,0.165989684722632,0.17194230796731,0.173530315786031,0.177952731481923,0.185171074225041,0.171587421504407,0.175277895782016,0.117242523021772,0.111513376599499,0.139773840927913,0.159338008762095,0.162275798960829,0.213103223453772,0.236941807831985,0.19448350623354,0.125649789303309,0.101797319711858,0.0857048513697354,0.0648539493439252,0.0682877180408978,0.059460133427664,0.0653222149869521,0.0938524914716728,0.0960988518793049,0
0.0654865659306774,0.0594059774519474,0.049114924448008,0.0458211019570347,0.0369119101545159,0.0375121431725057,0.0337510035488947,0.0279599007051424,0.0250080954483371,0.0383949026122457,0.0445858043463185,0.0739749439478664,0.101473365663888,0.133087784737427,0.148402104603602,0.178781023592604,0.195147860490276,0.219496032787523,0.193827144774224,0.174225344102966,0.13778789500276,0.135004014195579,0.128563433493426,0.144899047083028,0.150420256620117,0.152484944960527,0.159990395280277,0.155386916831518,0.157599195497844,0.165277917116324,0.164465069973758,0.17403293615459,0.188984347035775,0.195090623985015,0.218578275320778,0.22412811073107,0.217399947193189,0.205408107616927,0.192148956089553,0.180026031834883,0.167225986650799,0.149451955724089,0.140357587595128,0.130203449593104,0.122878231022237,0.11499063068483,0.107460009375876,0
0.100510604732208,0.0940912452126013,0.0841900310518858,0.0771191924903604,0.0699160152760513,0.0627515441532783,0.0483269783476734,0.0499843823204061,0.041033282555413,0.0416898567661772,0.0423362496815245,0.0448287135298842,0.0605490453604413,0.0781684814365822,0.0878212442835197,0.114172374849973,0.118261676283329,0.145074561746381,0.148588667751726,0.162804095148315,0.167084811622044,0.18044714186501,0.181347881947165,0.188830776522885,0.189118190352117,0.195542761200859,0.191260027503762,0.192463155175197,0.182020511883488,0.186515522366487,0.182764975161783,0.18468653601371,0.186296992095351,0.181198069544935,0.187531963257007,0.186005219023422,0.179163341752711,0.18476004309563,0.178859931980795,0.185053779438636,0.176105722308387,0.163553006259945,0.154502266071825,0.138269612457069,0.136589962112067,0.122325279136241,0.129444319894137,0
0.108264894009437,0.097956685594864,0.0867685803546318,0.0750946651853333,0.0743041730117226,0.0635993511970814,0.0626640156736575,0.0521178288481976,0.0441432566042825,0.0368528701992804,0.0321459617679487,0.0347923953831635,0.0479887793203312,0.0600167283047802,0.0678663825565419,0.0909225102155201,0.103952022727936,0.125445765550213,0.134531083178963,0.151071363384849,0.163281235100821,0.17191328552038,0.173196557513974,0.185541762138583,0.183702690444446,0.188619211555499,0.187126263680962,0.19172426317822,0.185700820686558,0.203163640972705,0.198533150554034,0.19636495850695,0.195234031698257,0.198384380843704,0.198681808868052,0.199349399429367,0.204033724786639,0.194324551449713,0.189789559154602,0.179721925416313,0.171569458605167,0.163281235100821,0.149894165990319,0.136923901161127,0.129385000287437,0.114106844714193,0.102809658128732,0
0.0645898172147864,0.0537102046357737,0.043430476446794,0.0405229441246879,0.0322949086073932,0.0278688567387966,0.0230776058564276,0.0244774973919455,0.0270608915519953,0.0342943886805995,0.0439384525072771,0.0811826746559859,0.0975694320504894,0.141556235959181,0.152789320968993,0.180426443190708,0.203870327029731,0.22329894288722,0.203434473346714,0.174550219588891,0.137258413883397,0.130886176484552,0.123560412643043,0.133071967037196,0.138545742541933,0.141869413855167,0.145575005999443,0.143965546108023,0.142259916696361,0.142649350539364,0.142960133806526,0.153658271981036,0.168929546112561,0.178136596190069,0.224241032096643,0.237505080439369,0.241121411085206,0.228408070698396,0.212921400549594,0.192332612513639,0.181224115422456,0.165143343208688,0.147918872693744,0.131140242417243,0.118612308869584,0.105123497660327,0.0925505029558058,0
0.0665231564311309,0.0535454520249896,0.0484531780474068,0.0412752746872379,0.0399970912264078,0.0338037118267632,0.0265780126937057,0.0288279023077781,0.0261842425890097,0.035306825504429,0.041526190522291,0.0833021632056922,0.104040374700666,0.141960955276688,0.158618967121392,0.183119591638048,0.204962128078937,0.23098328615761,0.206828898613694,0.180030192210099,0.145359534142221,0.132341737850018,0.121539612214793,0.133902425492954,0.144427502858066,0.143344552041634,0.144571283384322,0.142326363745454,0.14276361934934,0.145001769548203,0.149168726281763,0.152815075945461,0.162947789335616,0.175175470908206,0.212770620989257,0.231028255161474,0.234819146535844,0.221618893444778,0.204149589189055,0.188376610882647,0.174997477157677,0.163837873620166,0.144643120051307,0.140415856115148,0.124661929603344,0.111928762471324,0.0957199230302734,0
0.0715723590042983,0.0603461730123157,0.0477714067994541,0.0435162442147851,0.037846882323093,0.031932193273013,0.031932193273013,0.0278727033865794,0.031932193273013,0.0429547207642076,0.0490254627124859,0.0896433547521847,0.116078181454396,0.149775262573468,0.163715063435317,0.196843259357673,0.214150988295204,0.249641646540201,0.223742473266225,0.189682910934685,0.15369527776539,0.144242923149991,0.135207751989693,0.144158742855018,0.150986076638458,0.15314141910723,0.154953806679341,0.150986076638458,0.146414623754053,0.148636270662792,0.145916330906283,0.157054707385421,0.165704921179583,0.184031093987567,0.222654754265409,0.240931670645192,0.249593016629047,0.232208644491013,0.216181970411846,0.199842132402007,0.110616362291935,0.081262196313218,0.0821535816233064,0.0627135826198035,0.0477714067994541,0.0509678123200555,0.039417955149303,0
0.0526792793294389,0.052417842086252,0.0438559131507426,0.0377990434782312,0.0347700629040396,0.0291850193144286,0.0245861472617292,0.0251387139461276,0.0272371097149532,0.0381607650546868,0.0425844562196855,0.0841955214721453,0.109827575962592,0.145548028508909,0.159852934197365,0.203554078682318,0.204496775455909,0.128289924437524,0.160024726760856,0.141139359234409,0.104835684172504,0.10496664697706,0.115913379410267,0.135983642535528,0.144315753405035,0.153092407850269,0.160624553810167,0.158991187034405,0.157515397424768,0.160966308566341,0.158298411682148,0.17305828163331,0.183836479183118,0.195287241635065,0.236926326844963,0.245805588658708,0.240551639692402,0.234536896847734,0.208422726619632,0.187828569098776,0.170740610555515,0.153808633551278,0.149827028538113,0.133331043621865,0.132711376238652,0.124595788270442,0.10691183986329,0
0.0738033019200474,0.0677175094054299,0.0588926365882892,0.050831081856297,0.0412220222823048,0.038897755484738,0.0312674532267167,0.029347338792933,0.0323648889001577,0.038897755484738,0.0499068032740566,0.0744314264538028,0.0960097760385476,0.129728982646699,0.149331221719574,0.172747541868478,0.19424925913402,0.224541743142356,0.210689654121453,0.184539791977479,0.152493245568891,0.144900916509228,0.135606781744576,0.146657355384134,0.152950497706295,0.157450000931394,0.157671605546245,0.164322433640063,0.161248042154615,0.165170190428937,0.165803163459071,0.175885628150637,0.184665886827845,0.194847502802142,0.210302610734952,0.213651851370497,0.211131120617283,0.207573100807332,0.189886273912793,0.169825740460347,0.161752506535686,0.141979881597353,0.12864788894346,0.12023022607718,0.114274490669953,0.106471247900185,0.10658050523822,0
0.108742509187953,0.101541937225474,0.100471166311197,0.0775926641508784,0.0747529398678811,0.062973636167179,0.0609369959106775,0.0533673912453852,0.0495127313236343,0.0374968453500404,0.0420301043359178,0.0502355831555985,0.0638265910878939,0.0840602086718357,0.0960688099106693,0.12694517237754,0.129336593548558,0.152016749800998,0.15885886235848,0.181226463908305,0.189967569743516,0.190536052519799,0.186906461965741,0.18834755085606,0.185745541032379,0.190725170236349,0.182712357572314,0.188825469794511,0.186809994107978,0.183499914487881,0.181921391271632,0.182613674142176,0.172041811450468,0.180528861513083,0.177913820612883,0.181623890841545,0.17699961280104,0.179427149433964,0.167690990288974,0.169827267370889,0.15953823336555,0.158745351188317,0.146952114415102,0.138489945461291,0.129892882539646,0.128637849411062,0.114869034512215,0
0.100200602007025,0.0987049867094309,0.0932816839304172,0.077854236658642,0.070852525158142,0.0697949654391667,0.0673547710205852,0.0521014582474401,0.0468397377159864,0.0422482833682985,0.0404496517529803,0.0404496517529803,0.0521014582474401,0.0676302518063709,0.0736825888729453,0.101856922513835,0.106497243852077,0.135397893697539,0.140386835150465,0.15630437474232,0.163853999871337,0.177576861031223,0.183447897351508,0.182329612134055,0.182329612134055,0.184357812593088,0.195612289445832,0.186762581337623,0.185864439219753,0.187755478187639,0.19186954515006,0.183346516908644,0.185764377603231,0.192932542454158,0.190800625717938,0.188052324978826,0.193028888299091,0.19437271578128,0.195897231023598,0.180072208565026,0.171721645883769,0.163171745694192,0.158196175826441,0.146479333528571,0.13470954204117,0.131638039918077,0.10420291649488,0
0.0681595483969154,0.0597595417626291,0.0509067021160646,0.0428136282410506,0.0420689865981895,0.0318011646992339,0.0297472657012258,0.0263681328009135,0.0318011646992339,0.0435455381517685,0.0518295573488728,0.0925449408830875,0.118323198244379,0.157508090054013,0.180157878356557,0.210945062407308,0.232605466569871,0.264399480936038,0.236178517263826,0.201834078225286,0.164380801720309,0.154366731911761,0.14166249927255,0.152098025936272,0.157106283047288,0.161764494628439,0.165625765862921,0.173272579013567,0.166482210465918,0.168182016189295,0.170422052935256,0.17079253609627,0.169399046375603,0.193111901655232,0.248819982324713,0.233554603865,0.184833583630168,0.0745803420430135,0.0688515412486736,0.0908214205693403,0.0962280858713337,0.109008900534207,0.122005241934426,0.115894413475803,0.111729173130552,0.104569753988489,0.0890645540347662,0
0.0458977013016074,0.0352654905301915,0.0359779966598312,0.0356235249939548,0.0256884891956954,0.0174518918148945,0.0230866828249073,0.0213741149963729,0.021959815630785,0.0271300683585032,0.0275938638069581,0.0773941064664231,0.0535539009276498,0.0643199489860141,0.0652989999223797,0.127051690188267,0.180453461525818,0.229543798282483,0.219366878564581,0.182620518581858,0.152973903749713,0.1364897125221,0.12412127686484,0.141869318576285,0.14987304271953,0.154788212932846,0.153801242956698,0.156581501134272,0.154377742274088,0.155687439057244,0.158834588159944,0.170323669183892,0.170547044583727,0.176758747512917,0.219886911404719,0.238863638010166,0.253553426522938,0.244793500461144,0.21843931889797,0.197638340677065,0.178970547445081,0.162311976344861,0.152724828028866,0.131469631319902,0.126048898738134,0.115103131862113,0.103492318065048,0
0.0702119713493204,0.0574461583767167,0.0471212424401315,0.0361071716811491,0.0334722439993802,0.0247208905218464,0.0285452255947906,0.0180535858405746,0.0255316259452074,0.0355385192657081,0.0471212424401315,0.0808641452169398,0.105075902102665,0.138598755379946,0.153853205097196,0.1863655672837,0.200020369710294,0.231638833521833,0.204502187851415,0.174569866870631,0.1449214986889,0.132512582182783,0.123109041987944,0.13411700166826,0.142368865516323,0.144499191335447,0.144004934163219,0.148256658087742,0.143579930971269,0.145482668256697,0.149556279947945,0.16122367675318,0.161286839802323,0.171568442002898,0.21327887707219,0.234956859898673,0.237286211955504,0.223675112878947,0.205396733890613,0.188160461680949,0.174102476830109,0.163544463701013,0.14350897473715,0.13304953840579,0.126133080040992,0.112201256770048,0.102226188044465,0
0.0751684919187059,0.0633658665930915,0.0540211804549215,0.0416959772172607,0.0388701255825501,0.0324892437001076,0.0337392837282532,0.0187576735960245,0.0253300099635205,0.0349446358800054,0.0431594367611326,0.0794519267208622,0.101625989337131,0.13821505923579,0.150612074614291,0.178705318036688,0.198251734697218,0.229553391392849,0.20335378282724,0.176608312097643,0.147206794063865,0.13821505923579,0.126813363940661,0.13648212269518,0.147768118480078,0.146431459615965,0.149300879253073,0.145935920260413,0.146572734573683,0.144796890785304,0.149923401255089,0.156210929381239,0.169125282573002,0.177426759503734,0.214450242169183,0.229237605896044,0.235560745822104,0.223801089643918,0.203506393567539,0.181349541667289,0.167093858790503,0.157135653319568,0.145011140309319,0.136557925046314,0.127302049234812,0.11643275230829,0.103742374841606,0
0.0806855612537418,0.0706944016761961,0.0640233512122675,0.0527617826036397,0.0410830768816964,0.0365664262252213,0.0347215372239045,0.0331056867840912,0.0288608686296727,0.0429098743380806,0.0431645345817466,0.0765020777257946,0.0979838849894718,0.127532112121237,0.146190754496322,0.173986054209722,0.197693901016033,0.221635093826644,0.200008767699798,0.183071753943391,0.154359147621654,0.145815424597191,0.138965039074599,0.146190754496322,0.156684707431192,0.158492935241513,0.165130687809581,0.163194582900127,0.162858445400298,0.165263376210106,0.172594649397343,0.176673980674213,0.189427025332695,0.188963594607009,0.217290354848044,0.218296800042894,0.211979825444075,0.193887433482446,0.183011877652683,0.172085894718308,0.150621779624128,0.137298826491989,0.130084709019053,0.12009655409875,0.112851066013249,0.115253443979127,0.10717247078069,0
0.103651642136418,0.0938784372850019,0.0886673511854673,0.0753630720984381,0.0695718619175795,0.0649978585495396,0.0501801354751745,0.048478616556372,0.0436179279844203,0.037026154992719,0.0392276163771389,0.0413119307188504,0.0526293700887399,0.0779184745742904,0.0865920401146947,0.106448142226067,0.116127237221358,0.135991356079832,0.145050588463426,0.169757584553061,0.175510956984136,0.181004354204083,0.179763521380928,0.19217528789927,0.188797086821185,0.19635193411918,0.192248067787469,0.193986593609877,0.189388928670471,0.187010323404398,0.184903945258282,0.194274835364118,0.190713857656465,0.192611554721555,0.186035328109463,0.186860655254449,0.186185659712265,0.186035328109463,0.182849815895958,0.17913988195957,0.160872363021947,0.152295769655204,0.141536054823722,0.13412695377578,0.128915102201508,0.129348431498093,0.119686606978815,0
0.10351283954428,0.095030110370326,0.0853724804701566,0.0795626584596963,0.0722965031388601,0.0612034486695276,0.0590298476259099,0.0502621041171691,0.0417404055486895,0.0399633957610584,0.0377206422959376,0.0384827524621578,0.0457243233568621,0.0616760691912928,0.0666540824795535,0.0901695816691471,0.0989227063974172,0.123939253258081,0.135254372503721,0.15440189198204,0.159762731327293,0.173779166069269,0.176102963931813,0.183926370934357,0.185811233533472,0.19376721694653,0.198138734546402,0.186824260975996,0.193917017677792,0.197331050591382,0.191506145163853,0.196224305741303,0.196150300720477,0.197257460788118,0.190060220740652,0.198358441212917,0.197551655523985,0.196889099195364,0.197918783986971,0.187677167203094,0.172941671237739,0.162823253291822,0.149043059402159,0.13864685856847,0.12786015794432,0.109377916693458,0.0996538523871691,0
0.052889762701734,0.0498649464823246,0.0421435716813464,0.0408053378178883,0.0316076787610098,0.0290454523321444,0.0262341618066702,0.0215921552060223,0.0221002754364446,0.0371007074244833,0.0436953851295002,0.0779940777986264,0.102583028600301,0.140487351907567,0.152315637025287,0.178613684776158,0.203972274716134,0.223400684459802,0.204352871054836,0.170212559299003,0.133602434005938,0.132266376095736,0.120680823660176,0.133102983906283,0.140170938551104,0.143844844839181,0.140408315416412,0.144691224592204,0.139933159010008,0.143458476038118,0.145608937119603,0.152970135496282,0.165047377213051,0.177991118626911,0.221554572337957,0.240393892665252,0.248119719043312,0.229285818942645,0.212292359940937,0.194614797796432,0.185623178242318,0.1654504239114,0.145685152218839,0.12886564293274,0.119757467909274,0.110601787359399,0.0912435092056412,0
0.0634008732518713,0.0512824624578506,0.044831187409547,0.0395073359215546,0.037848939587839,0.031018627108724,0.0306720393914005,0.0184959356756866,0.0235777842331207,0.0364092857868931,0.0443516956833111,0.0889441065754501,0.10665276796343,0.142745611491811,0.15564360093178,0.184090318166592,0.210530957715274,0.232536284904756,0.208284685361365,0.178727595966528,0.144531861729342,0.138256345932137,0.126210198975448,0.137480925650369,0.145122392735268,0.142295545385217,0.141542255046512,0.146806938189942,0.14393890800159,0.144457875616622,0.113922802636016,0.141239813985017,0.159309499981211,0.169518050565736,0.219139764708219,0.238034141035445,0.240091209238228,0.225960993869475,0.20335017473376,0.194592275070754,0.177948300372053,0.157351393997869,0.144605809987815,0.131600889430054,0.122775263119752,0.107848911175082,0.102147143444316,0
0.0781484550520628,0.0665410117490905,0.0570715622215911,0.0459572276344635,0.0363761261798897,0.0338392736707964,0.0338392736707964,0.0285357811107956,0.0262117886749499,0.0356697263884945,0.0529067541754938,0.0935608151884901,0.113472346111183,0.151753621997645,0.17046994765527,0.205526970096184,0.227448703263875,0.259532497792772,0.229564550716562,0.192087355227437,0.163537040394046,0.149727898825508,0.146810284748287,0.152172253474367,0.168140295103821,0.160870070560112,0.159997709790724,0.167913129548472,0.160870070560112,0.136200449226815,0.0961098918081496,0.13915765581954,0.129398047315605,0.0797599329434917,0.146983512283175,0.158158134862507,0.183274372591024,0.215676522032035,0.208294099483123,0.197958947570969,0.179840520616506,0.160553396885787,0.152422880468468,0.138148256266414,0.129299683145315,0.120329166670305,0.106651885416212,0
0.071086542231141,0.0609180975341906,0.0468089497146778,0.0457425466758425,0.0366371652723656,0.0301332741731855,0.0251328880313718,0.029134101911619,0.0314161100392148,0.0349834995790173,0.0478515931855026,0.082762222491742,0.0985484864661104,0.133139087352772,0.149350482161628,0.173955628250652,0.197547137902942,0.223341808364669,0.202042472463185,0.168479416716365,0.140497115272596,0.132619155876252,0.125978209534572,0.137443237395386,0.140917976271023,0.139085048124961,0.142242487973598,0.148887173544639,0.147153542334914,0.146481297876945,0.147956203974394,0.152618932285306,0.175199395737763,0.17788288663633,0.217430350601775,0.226718989494472,0.241679542337299,0.227718043430011,0.20447037107863,0.188810559970192,0.175255720894575,0.161235361164033,0.152683587629145,0.139722244351148,0.128691062846391,0.121674070984499,0.110090943276691,0
0.084329796639748,0.0709677546132223,0.058624839430034,0.051141774059706,0.0462594751825025,0.0377707033220243,0.032544765310722,0.0366082483306416,0.0267079204491886,0.0369022952096281,0.0443510391868744,0.0779356683301805,0.0975235366271607,0.129346173221605,0.145618853616213,0.17082443316407,0.198779319614285,0.219403328873247,0.203454590510196,0.178194379619557,0.149283715868579,0.142846334675334,0.134587620027671,0.149138850510957,0.155732599350574,0.162391397551552,0.164835497381689,0.161456955118501,0.16245793777051,0.168723661503376,0.171140482339302,0.174517346341164,0.187705460277524,0.195102476486018,0.218663182845565,0.215777398885791,0.21376450601981,0.194769820700163,0.186897624852186,0.172210710978264,0.153284371003586,0.14277065449271,0.127833300437963,0.119622286327444,0.118167857947054,0.110021387485991,0.101434707318014,0
0.101854758924165,0.0903908488179578,0.0885888570538566,0.0749481325027265,0.0758393425644887,0.0600122724209977,0.0538765218188819,0.0546196813637815,0.0430637869509065,0.0366583298811626,0.039140385672995,0.0421172145039591,0.0551095537839681,0.0707040261710408,0.0774176714165155,0.110340963998262,0.118219561649635,0.138624723770216,0.149806587303735,0.173188786879438,0.175501156094702,0.185478108227653,0.185550546468348,0.195220665209437,0.199510245083823,0.201253897182735,0.194807207635791,0.191256734088461,0.182777712265333,0.18935012129217,0.190975474033213,0.194392870674037,0.189704643454837,0.185695338177052,0.193561535985254,0.185188071915377,0.187137093812424,0.184970246230994,0.176950027938551,0.171002366465943,0.159621666818322,0.14881656596852,0.137944472159685,0.130742333097893,0.120583061329093,0.123446619707983,0.112988561022447,0
0.0532000459648596,0.0762197483512617,0.0750379752515063,0.0675143234916987,0.0619933435217506,0.0567233775432301,0.0551252142946204,0.0517811223638485,0.0436656763919049,0.0408455001550628,0.0382074668429168,0.0336466633749213,0.0446773706612705,0.0629471432785352,0.0736352725905257,0.0931100799101445,0.0945389625720501,0.127889938083045,0.134697287841014,0.152634806836056,0.16255937273301,0.170956142043895,0.184128635972237,0.186459979829281,0.190725181499172,0.192048326556269,0.197478594759509,0.199877815266156,0.197554011449201,0.195964166006383,0.204081571852947,0.205391199657195,0.202174910984208,0.20481017671194,0.197176639545023,0.20841499720224,0.205536198757258,0.196647102246392,0.183399089751478,0.176613357083365,0.173292780843607,0.154188381798275,0.138621330267131,0.128238888085195,0.122658004213895,0.1084797692423,0.10240508835597,0
0.0666781762988758,0.0533748992713996,0.0457547271615193,0.0410296114460014,0.0321862752920448,0.0266874496356998,0.0278741320561102,0.0227591335201419,0.025866099851138,0.0315085935996249,0.0410296114460014,0.0789767074923122,0.101675861188772,0.131891747881492,0.149386162899439,0.176352691894774,0.201967274549064,0.22352474109242,0.196056868922918,0.170630269874019,0.137342775353857,0.136475753472479,0.124396935202624,0.135682744124431,0.146025457353132,0.151537778669388,0.150537518374024,0.144838238814202,0.145581384989787,0.148153044079936,0.149313908402879,0.159381655763984,0.165949305808259,0.181122288460635,0.229056479891475,0.240187046721298,0.242378538969829,0.226878997506705,0.20941701003919,0.19205301709709,0.173825753512762,0.159178405960877,0.139757264796536,0.12773532007832,0.11734387947022,0.106039815758077,0.0939532390035834,0
0.0697751385834515,0.0567834476984564,0.044322800987361,0.0405488598090813,0.0366778237263941,0.0299473176684706,0.0253101029452144,0.0235624235372985,0.0261401619193628,0.0348875692917257,0.0475758128241368,0.0810977196181627,0.105171523260565,0.142052600467455,0.153816584790226,0.186735279743096,0.207943714738078,0.236438450937579,0.210951268648068,0.182572236536936,0.145101446436851,0.137391358171958,0.12347595395103,0.143696609543758,0.132888083774469,0.106983223411926,0.111479439518185,0.131271380233921,0.137158029911579,0.140161003398421,0.148950188791438,0.15171994082991,0.162983437911659,0.17873066901548,0.222143319349317,0.243249270848565,0.247124782902513,0.227039758998947,0.210596685883167,0.192534315215496,0.175414413061497,0.157045058748271,0.143696609543758,0.126803363159435,0.121118826051648,0.109352142825296,0.096267157607748,0
0.0869140882297378,0.0729336435239916,0.0580331903745,0.0511120857700241,0.0448822421686102,0.0400654150199572,0.0354825279370158,0.036789067981687,0.0380507720962568,0.049865261784956,0.0532237919055237,0.100045628694955,0.125072765324245,0.172282198067549,0.18231252953198,0.216922776251,0.244803729438366,0.281801423751957,0.255313986720621,0.224481328392284,0.180752051217652,0.168775283947695,0.157087847590136,0.174821230470292,0.180403445201328,0.181447253980734,0.184628519009903,0.17926579389038,0.160947588998974,0.156384990160378,0.106151484256085,0.14204095136804,0.184884060334984,0.143254527179626,0.184287246039735,0.0847133743641836,0.110224518424581,0.163084584766383,0.129036446234754,0.148963242202966,0.090636851621883,0.0881724755569834,0.0979793327166931,0.11538643124983,0.1140143678199,0.108642610287172,0.102838136048498,0
0.0702387087241247,0.053870630453252,0.0474833191251667,0.038092288100289,0.0377981347553201,0.0347198037673099,0.025878613796386,0.0240916783368484,0.0298820492831957,0.0330733679109051,0.0465335567972844,0.0876313703905439,0.106385970969768,0.139280484946451,0.153318502099355,0.188043346138033,0.206651169310269,0.225357015522126,0.197368616872023,0.175262740781088,0.142528291149568,0.13595511463649,0.127218240662298,0.138073176833544,0.148586217715535,0.152954064925779,0.152222573096038,0.151487549134039,0.148134815504675,0.152295880383261,0.153245683998786,0.157838330754089,0.169170407173048,0.178855984929053,0.222816718260999,0.234007165517867,0.245460618552735,0.232667783986422,0.206489068747232,0.199114030142861,0.12401950481591,0.125983938868942,0.12580662148498,0.124916259118356,0.110805604342677,0.116309903150396,0.103190465485711,0
0.079654309972563,0.062527222015664,0.05491828847372,0.0422761181783144,0.0386890005801384,0.0406598684898241,0.0337547734734598,0.0295176931180363,0.0313528083674293,0.0398271549862815,0.0450890210179595,0.0773780011602768,0.103230801498643,0.135761642630895,0.145376991780962,0.175203781749411,0.199191861617474,0.219571429807974,0.202142188127776,0.187522106856398,0.151029915983538,0.143832027717144,0.138450252994469,0.150881919949969,0.156835282032524,0.165363942786419,0.167711550802171,0.157119919802146,0.167378194179992,0.172957897884705,0.175394947962032,0.18208201893819,0.162364512690875,0.186386866208187,0.213169754015823,0.218091098745308,0.207540865986114,0.200755927169074,0.184459089848177,0.16332485193866,0.158394460087731,0.139575230014756,0.128142673105347,0.125411233469717,0.11854286860745,0.110039790029501,0.106112214470479,0
0.0978546300470681,0.088566715939198,0.0811468765430643,0.0707866941822136,0.0692883934964558,0.0532288183130937,0.0491279747104972,0.0485910408323759,0.0477743265175048,0.0365780067052828,0.0347387240637538,0.0412944442316781,0.0512194543028506,0.0775090989684264,0.0817909094744556,0.103584935783368,0.115896395091904,0.145502921852415,0.151682243578302,0.170261355318387,0.173239913961811,0.183748676901856,0.190340754470291,0.198305958461253,0.198768441751129,0.205580878391469,0.193688112017412,0.189995871500845,0.189373499366855,0.188818557516261,0.190685013667235,0.192465235528484,0.192465235528484,0.193688112017412,0.188401278426068,0.179633570745298,0.189511980920547,0.182602921836781,0.180216798158864,0.174597496085512,0.156450072599642,0.146401651348263,0.140457155008547,0.123352780652381,0.124727521900962,0.117470230037956,0.122499117934571,0
0.101750562270853,0.0933334923681736,0.0868460346000446,0.078603491071006,0.071948512571264,0.0606111205986059,0.0553301299792042,0.0456873511701266,0.0494887727349598,0.0380423222146088,0.0376747549258238,0.0376747549258238,0.056327149462338,0.0740454643416388,0.0730997618722026,0.0835799695535209,0.0948127206931235,0.122023151926959,0.13756875414235,0.151803056585317,0.162431223844903,0.171190449965739,0.17998729000612,0.181833361795818,0.186368556112674,0.184643231476435,0.185620385464341,0.198306262212761,0.191669192626743,0.192104310536601,0.193115773093169,0.198095634153099,0.193547638946921,0.201853315037225,0.205203522651828,0.196260722333274,0.209896794072386,0.204115623548448,0.186964937016534,0.17655269822447,0.175128224671738,0.154798562569875,0.149307493878056,0.132309391040687,0.126282351082962,0.112406978540889,0.109649642808304,0
0.064003633857854,0.0570924943637499,0.0452574035214695,0.0419752366680372,0.0372493273563895,0.026547470639123,0.026547470639123,0.022990783979702,0.0277640093616765,0.0321734096706569,0.0450134265229653,0.0750875860490984,0.100104559365987,0.137144089432904,0.149881574217968,0.176844815464703,0.19423470998664,0.226189668918133,0.200703530808339,0.167572694263028,0.135772210564409,0.12636219557634,0.127748927860631,0.139057820399939,0.140240641423528,0.144647177153188,0.148256393300216,0.148627313052554,0.14691332833813,0.148330651453282,0.147212846138013,0.156495031414402,0.172494731314441,0.180907913491225,0.221516332895468,0.237308625566597,0.247351347542626,0.230147202526917,0.213620553265474,0.192469162133641,0.183025990994677,0.159492091097219,0.135366070825419,0.13089949120493,0.12001541581412,0.0998843070433236,0.0910001446080575,0
0.0721761710530029,0.0578275463279488,0.0479332398936638,0.0390403317234953,0.0369446641603748,0.0309101236967117,0.0238476781707263,0.0171968052890634,0.0218567580732598,0.0305399292202951,0.046974478241296,0.0853200471924509,0.10416823061225,0.146697146449584,0.160188246593033,0.166456110315706,0.197288196435994,0.238667486881047,0.217471996987722,0.188321175091463,0.148699404843297,0.141406878458476,0.128689107077474,0.14164798158063,0.134226630632606,0.125103746841501,0.110319678836004,0.12815769762057,0.137491740506228,0.143562230303919,0.147547571814212,0.157250078123254,0.166797419081536,0.17627935286332,0.222896071838857,0.244412525567516,0.251974165801932,0.228589667242159,0.203922052417872,0.181053985066097,0.167884944336613,0.154034588266703,0.141487291816388,0.12815769762057,0.123640494786847,0.104821329365159,0.0953907126829051,0
0.0644634452018351,0.0589114364458237,0.0475439669831295,0.0468180622642047,0.0424708901999138,0.0313337263433114,0.0213694240006552,0.0261720924493948,0.0248290269817748,0.0382267877643845,0.0463278072647839,0.0882378683454119,0.106740219406222,0.141748722792378,0.159126896040681,0.18745504290127,0.21122246083952,0.238774030042328,0.21933608440318,0.185187975816994,0.15095346593496,0.142070513723623,0.131903191579141,0.146890504560913,0.15630386141554,0.156157714715592,0.152981794533332,0.153056401606547,0.150271272540107,0.162463847998634,0.14255183813031,0.125516945999863,0.126332882734806,0.138983421794352,0.191133938821922,0.216507174845536,0.234285305366763,0.222642325769612,0.201711968749681,0.189454135279795,0.176281558304466,0.15876777372317,0.143270792840984,0.13120895943462,0.125607867377957,0.113177279139675,0.105015011370721,0
0.070072495443182,0.0531105179862606,0.0490187884529569,0.0450193810703777,0.0382439439363424,0.0348118937747173,0.0258576255483189,0.0250365382802766,0.0270425520967059,0.0345104864238906,0.0411392303338473,0.0818966560058432,0.0995182713633239,0.135135473960791,0.145485052645456,0.178504255767767,0.200969235243649,0.227543431837388,0.202883517537176,0.184433943863314,0.138721401543289,0.136825693390964,0.128883469072196,0.141996392013162,0.150288759530179,0.151741526997265,0.151672663128505,0.150080073348243,0.147198380230555,0.148891993544807,0.148470401400194,0.152633930009203,0.165884779692784,0.179903396094827,0.21527540937247,0.235130286367092,0.23575150352995,0.225699451425097,0.204473578274274,0.186685967998997,0.168509108603681,0.15297577574537,0.141184766600722,0.12896450238361,0.11608965222958,0.111499298680987,0.104835054411749,0
0.0801746590602105,0.0691562695546047,0.0554201031082477,0.0515223895333715,0.0495692471480357,0.0389070100338604,0.0281031215636572,0.0281031215636572,0.0314202450981388,0.0386240462055106,0.0397438156603438,0.0780954460136993,0.0921422459973339,0.12971822386789,0.138391824033525,0.167312600268453,0.193630756835119,0.220738247821171,0.204164444823367,0.183688293434388,0.153784544996146,0.14067164962963,0.137676616020734,0.147745700671945,0.154638119794395,0.159663768516182,0.162725999086858,0.163800996732767,0.162928101419874,0.172604930221386,0.169268014531027,0.184344005799544,0.189565918861453,0.192323386121612,0.222026517893443,0.217433746403023,0.212380611427678,0.195603468654503,0.181283892735285,0.169462314975172,0.151122342337461,0.145199461412229,0.130477062979841,0.125593671607866,0.118400555694579,0.107830407489866,0.102618090778166,0
0.0995677361492374,0.0913932806833942,0.0776203663044273,0.0684324994679536,0.0700149628967977,0.0614757577720393,0.0553826023595755,0.0459208279850409,0.038098009197414,0.0347128830990267,0.0326810988843917,0.0391614136882139,0.0531108142694057,0.0738228632908612,0.0767332472692128,0.109271672941631,0.115604371917838,0.143697767332343,0.150856788972627,0.170299090104363,0.182561685462863,0.193131405610132,0.186788038500467,0.198997900280467,0.201187764290149,0.210890666791405,0.191922322138873,0.199272949340945,0.190418149382891,0.196574805391605,0.190849122735504,0.18904691879302,0.18875696936042,0.185758895470277,0.186127099786926,0.184427273316118,0.183085966254377,0.17754236851938,0.178004518633595,0.162901932378896,0.158038087956568,0.142933412085109,0.133111779046546,0.131663744593649,0.126897483748197,0.122057310836251,0.113331534434365,0
0.106837999983551,0.0980229796971452,0.093394935935524,0.0752068484480912,0.0758833854476132,0.0636761543178423,0.0547576349249601,0.0531792725293143,0.0544456230693486,0.042495337294558,0.0416858281607431,0.0416858281607431,0.0502133510757491,0.0644737990365586,0.0817205689435835,0.093394935935524,0.109980964097419,0.137638756925834,0.13751492536057,0.167660331359695,0.170980660251703,0.184772445423983,0.190313667320721,0.201446268265913,0.20186867650552,0.209244913553069,0.200343838819938,0.205382609836,0.20761016262341,0.194650596752688,0.200768566536042,0.207692205765369,0.198378379356975,0.220580669018198,0.201361680284747,0.20068369290446,0.0995748911583517,0.134255220407316,0.166436516959636,0.162290497969012,0.155317350947228,0.142384209600462,0.134635368087712,0.133873993266504,0.121323580657476,0.10951526984992,0.105554614068548,0
0.0650513526915285,0.0541427934297654,0.0440287892061525,0.0409693421674785,0.0379747334190853,0.0252645576319956,0.0266311820645654,0.0275045665669012,0.0261835672935812,0.0370291559778911,0.0476393067340331,0.081938684334957,0.102336763867003,0.134656554637551,0.153216113072237,0.17731914836884,0.200472255675214,0.223976526970059,0.196241275724228,0.173614066168704,0.137780446858918,0.131278492348105,0.125194883542612,0.131188421330745,0.137522832834506,0.145459246646572,0.150334536328945,0.149862032688762,0.145215255566254,0.148036798185523,0.148912527674287,0.155285141521348,0.166169471155829,0.180031518123162,0.224503655322035,0.243059692636186,0.242329123828151,0.237799208066331,0.211490265467957,0.187808060562621,0.172658259879137,0.159639072816588,0.141671881422587,0.127626079136085,0.117700585792854,0.102105494048526,0.0887262104765661,0
0.062670937319002,0.0511014097910144,0.0483255347582247,0.0404320431930896,0.0353920999493126,0.0287748209183381,0.0234945428966306,0.02481300281934,0.0225728266711913,0.0368612715978038,0.0434685675946619,0.0834482527498999,0.107566881256997,0.139376923169661,0.154064020701232,0.183787265353733,0.207242235021969,0.228439533817135,0.207907048340988,0.177619126789657,0.142688715868175,0.132825309894217,0.128106177566383,0.134414185889862,0.141042540299639,0.14164336321251,0.143578674907079,0.146578604335521,0.144683425806232,0.145122971403598,0.150579535212393,0.155777037780137,0.161596846585235,0.177320054129631,0.220542793135693,0.237104237836478,0.238354513672245,0.224218361694267,0.210746885921698,0.188125698675047,0.172156345546109,0.154751503012408,0.138306541487681,0.132344927452898,0.117563043381147,0.109328785419498,0.0912269928848815,0
0.0751365419088107,0.056944386755344,0.0460748803772978,0.0404103433235211,0.0344928125481583,0.032758381476271,0.0331125364333872,0.0250972075518859,0.0264547795913127,0.0415488856162814,0.0504262612109728,0.0836573585062864,0.107242512414604,0.14015208594421,0.158875580566406,0.18353847412253,0.213940507512978,0.239801547836919,0.215136626405816,0.18556099770875,0.14996228082964,0.140733460055758,0.137632669927195,0.145861588644982,0.152354420831692,0.150273083817621,0.151894366170426,0.153346471118046,0.147293979035034,0.147056216202004,0.155986019014911,0.162433208407579,0.171310444022635,0.184742017996094,0.234588917175529,0.182454889705372,0.168426454937214,0.213175846627627,0.20417651955134,0.183729031509855,0.172193318362327,0.156508586706521,0.142953756880217,0.131743739919506,0.119095488417314,0.109502763541629,0.0961149873566507,0
0.0716666368055742,0.0666012659548736,0.0475873532955755,0.0448079329151303,0.0445466599419733,0.0338223456742649,0.0289905820065128,0.0285850993515036,0.0320502943232105,0.0371134809512603,0.0490370455321686,0.0838279665889842,0.100426321952544,0.14169512525584,0.154087056962636,0.185189594921375,0.207034166501313,0.235916767729991,0.217107008511237,0.182842517708343,0.150018286538452,0.143658661711198,0.135806084957183,0.145113879443665,0.14663427590393,0.156119061959819,0.149784673700316,0.15172045669268,0.145274670495144,0.150871772169231,0.151951093446077,0.159594550952848,0.16959421645128,0.182906348227902,0.221366502334881,0.236707110874225,0.243465278875701,0.225649053726227,0.208718768449614,0.187880444680138,0.175613174125045,0.0999603040229073,0.111863416341452,0.106408556838205,0.0553020628771861,0.0667763024353162,0.0857552980545108,0
0.0613402214652101,0.0427314719722502,0.0525988059680584,0.0420790447744467,0.0404019094804518,0.0400580571892093,0.031117873260281,0.0315592835808351,0.0340879222524854,0.0368191641776409,0.0446315668587955,0.0823301539759302,0.0985438313966012,0.141724259271542,0.150252243299081,0.186484836576776,0.154965759117375,0.174767398726109,0.131917134249042,0.116788302235621,0.107280935209124,0.118784828093717,0.124137639530517,0.150986977476693,0.164828243036765,0.168562555681137,0.178138419339779,0.178138419339779,0.173336809326302,0.182586813298904,0.18685536115544,0.19750834131409,0.208943749996522,0.209736708254232,0.228910583706145,0.226052509762075,0.215398372110798,0.20754878327965,0.199529117828777,0.178293659821823,0.170520753667054,0.148771889529318,0.139362022849281,0.126127505875112,0.126346667649217,0.116432420345026,0.110332186204969,0
0.0993301528698596,0.0918307588133219,0.0831562888582037,0.074036324677484,0.0642815311693253,0.0566082815532108,0.0480103057570942,0.0511292026332453,0.0488806540620313,0.0407242928152063,0.0355658999553586,0.0371129593245313,0.0522171798558788,0.0736556726712543,0.0853252221490555,0.108006923075262,0.114328372723298,0.138458535263633,0.144518003265144,0.167239586849818,0.172778541651954,0.183355159585795,0.179716337743687,0.18916541932363,0.195881703081857,0.195378796724252,0.194802456835219,0.195738147398901,0.192844593507976,0.196883662064461,0.189388185350953,0.194079625189155,0.197240271054493,0.195234871255936,0.193354091340443,0.188197052872164,0.188346356388604,0.184348961767754,0.187298732454864,0.171308059236926,0.157991611366307,0.145487283097935,0.134336818800555,0.13244020382648,0.124678081609125,0.12055155512072,0.113216563106422,0
0.09888059651321,0.0920115278767922,0.0839097629746012,0.0681644319542352,0.0732053703872028,0.0601680419077323,0.054708986222674,0.0477539182018475,0.0433746502060099,0.0395954572362129,0.0369900259823813,0.0358154386513857,0.0462375324779767,0.0567548838768577,0.0681644319542352,0.0904492491636505,0.0969886663609134,0.119384795504619,0.132296453846468,0.154740380599577,0.157298246126179,0.170849611666073,0.181684675427032,0.184641622391187,0.192354062905821,0.195805623207706,0.198982618001558,0.19941192296231,0.195805623207706,0.198193143726026,0.202391561802688,0.194783894756787,0.199054233126426,0.204980599726802,0.201119979193055,0.204214314428765,0.202743363844315,0.205050120027165,0.195878399877459,0.180661978071443,0.161235785176144,0.148056400785752,0.136119609964852,0.1308884285795,0.114135860576241,0.105842549603532,0.0917012014350466,0
0.0618631105540975,0.0502889907242806,0.0381408507713257,0.0363378898155528,0.0327758766550377,0.0263399256538804,0.030291838047689,0.0267613912257471,0.0216792046578393,0.0341142140177439,0.044630186452822,0.0788780373372842,0.099121064626824,0.132123782759678,0.151089325973934,0.173949042967356,0.199592261514001,0.22504842343814,0.197903156997828,0.172787218176922,0.142788386582149,0.13229306378075,0.127028546927371,0.135138401420936,0.139778642936188,0.146042799110145,0.153002856908889,0.149376155242027,0.142160051799543,0.150272420215809,0.155181460003598,0.158746037346214,0.173110729447216,0.185890564341723,0.228991753220146,0.24261160567662,0.246137523001218,0.23363591167423,0.210400535834896,0.188935706345961,0.170439811069596,0.15182815348977,0.131188832699226,0.125164946450205,0.117128865062546,0.0943789701175405,0.0907522930502652,0
0.0643109139139621,0.0490466185942159,0.04406061546309,0.0387066709063497,0.0358774496109845,0.0324819166663335,0.0275618202488409,0.0205433678866795,0.0263884338453478,0.0373188810338761,0.0475169475880119,0.081399449855641,0.103637167980622,0.13880082082761,0.153388951688528,0.184204259222873,0.209954827887125,0.235577885810108,0.210406614052339,0.178207055978687,0.146780889998346,0.132977650366294,0.125634074431926,0.13880082082761,0.147068132719267,0.148638045674962,0.141734351137848,0.152215127469635,0.142846591718397,0.146565088524134,0.153457720556223,0.154826683625399,0.166134763532307,0.175041067740268,0.222400341267134,0.236204066979486,0.241766726477512,0.221211153291551,0.206407182236148,0.186368092890627,0.158530389401496,0.146996374660485,0.134398223443076,0.124283131144435,0.118814571076376,0.104751033729094,0.090717056282076,0
0.0786235941792502,0.0614859755267154,0.0510440700569013,0.0440607622656655,0.0410598329326078,0.0272172479107587,0.0281401272568421,0.0237059055965222,0.0285903978833637,0.0394739082808474,0.0530080163820163,0.0884109227636582,0.108280824229788,0.149758840232733,0.1663257300988,0.199685560523637,0.220245829010879,0.253311570627222,0.229447962794465,0.200642678456269,0.160224247675786,0.148560065227787,0.14070063628421,0.156432852545991,0.156596058487663,0.146394981994055,0.0958951097564511,0.127860146341935,0.135049915275119,0.146482199745012,0.151454917417062,0.147957035509637,0.146394981994055,0.17638792623391,0.218148201893046,0.238990759701379,0.207526707242373,0.194698300509043,0.190386613052898,0.165710276627964,0.160701817282377,0.14534428672592,0.131017662449419,0.121404033744438,0.109919762296192,0.111763408899406,0.0897016614439308,0
0.0696152657561709,0.061472119859887,0.0488990664733401,0.0423478337872565,0.0351888888604262,0.0320119533609655,0.03064911192002,0.0292227816093402,0.0281055713803002,0.0348842174214464,0.0415847472530381,0.0818759554151855,0.0993144734950654,0.134631102394109,0.148073307945916,0.179309806847723,0.198036907083091,0.228657762455904,0.200926547200138,0.174359875985113,0.14226423257515,0.136207632731601,0.131258768158994,0.149650888927494,0.151986560599625,0.154839384014583,0.154563377763029,0.158653062349888,0.154217675299861,0.153732385839876,0.156961977369936,0.162639941713216,0.170208592577433,0.184589927956508,0.219608766326965,0.22856437557741,0.231856576887402,0.213995777989749,0.19959395160338,0.180555646791747,0.163229574855785,0.149436744927126,0.133116105424867,0.124497281153114,0.11879339289882,0.11383764488815,0.102592359089101,0
0.0823498832580046,0.0751486165671858,0.0653975271603021,0.0545641396816014,0.0514435642379604,0.037337741556539,0.0394906250062844,0.0299649693477347,0.0347141973036305,0.0333250621812118,0.0418155582707499,0.0741993327758497,0.0910700547571323,0.127594410694628,0.138259919687964,0.16548695215734,0.188326912114073,0.20783090807088,0.193524820249369,0.178338278225929,0.156761246850032,0.151315677952657,0.143871275057853,0.158261388655747,0.168948953729327,0.174791899479428,0.177341781629816,0.180511207996297,0.178338278225929,0.18465250556963,0.185673397969007,0.188765538023406,0.195770596641319,0.200775886837605,0.204507232968145,0.201069891808157,0.198646206130253,0.188201402661869,0.17275225088468,0.163764577928205,0.14760038829519,0.130251958323663,0.125540818671513,0.112329200543209,0.110846940674916,0.101732354211363,0.103459682303484,0
0.104906959609573,0.0905829000801127,0.0820977251075215,0.0689481119856975,0.0643054543262728,0.0625081396106355,0.0561994179392695,0.0507176936490144,0.0452914500400563,0.0419317347949285,0.0369803141029649,0.045649490789903,0.0538320543499921,0.0710414471292005,0.0824933790865861,0.101435387298029,0.117636045176519,0.137778111552317,0.145479777702056,0.164294572137874,0.17513437701669,0.183309848756719,0.181345439074127,0.192831954152647,0.186479706419991,0.191816151015941,0.195181603376013,0.189252791026116,0.191476352430227,0.194429455671235,0.194345704017264,0.199226820147567,0.195930863725576,0.194513171264208,0.192578505691547,0.194429455671235,0.186392382740925,0.190709591987833,0.187176829248864,0.176799717592143,0.153855546029455,0.142654658718447,0.135273930257628,0.129242286569319,0.125536099672233,0.121717114672374,0.111234049668609,0
0.108173512833671,0.0959365331201196,0.0847651876115877,0.0758162886500132,0.064872470307292,0.0596519369104792,0.053610211828821,0.0503180427869636,0.0453088986240252,0.0417727405175176,0.0330889411094578,0.0374541381949111,0.047520373777722,0.0666928929606802,0.0716396589627943,0.092301243882556,0.10674068781209,0.129480962842411,0.139528849560651,0.150158730353923,0.16637272924914,0.177612423718493,0.178381312264188,0.186538446954377,0.185619079864465,0.192496176887037,0.187818000541853,0.19913591695754,0.199993156895281,0.201950999959167,0.192051304147916,0.197496910345255,0.193559699769942,0.20304925654051,0.199049989912781,0.204727378106824,0.191605398498333,0.194089275861605,0.189991473085895,0.178285382538367,0.160936969802534,0.145999679879062,0.137054737586404,0.132484955063451,0.124496453859708,0.115663481067432,0.11082943123959,0
0.116167797377725,0.0999550066875172,0.0870408886293396,0.079655491936903,0.0718416955873718,0.0607729931221529,0.0603821659614127,0.0583888031391576,0.0500957934579722,0.0491415004707478,0.0445951850205108,0.0519518183466031,0.0615472025903091,0.0778517375188768,0.0899831889219055,0.117585765445601,0.13182456807421,0.151698560445237,0.173536919029369,0.192427306752237,0.204708068350484,0.193164108324817,0.11052822048275,0.102064488944023,0.105934518734814,0.102758026858759,0.164861509160019,0.189576374231457,0.188197618666059,0.110313810541789,0.13182456807421,0.16629138423519,0.184897876607332,0.194142160695689,0.208489729323286,0.220412898287128,0.220520285820071,0.228948148288773,0.227391718631865,0.202849159767665,0.187441295638324,0.175166409417473,0.159162303501823,0.148544399774896,0.137623728816882,0.122901919675555,0.115349704118639,0
0.0541165133061034,0.0485770814739989,0.040797725636669,0.0355547830155768,0.025965542246444,0.0286651824856408,0.0242885407369995,0.0220133594632703,0.0215294902773941,0.0375716102671681,0.044973638416917,0.0859955474569223,0.106169384199443,0.14080472187649,0.152651111492019,0.186450855107534,0.201599068545479,0.223269694183354,0.192510901211069,0.164604950185598,0.135232871540611,0.129421363721462,0.126373789953049,0.137626559522559,0.147312981615295,0.146739777178345,0.147384475422763,0.152926904149557,0.149090042034191,0.148168630524295,0.153477002703356,0.159005823496169,0.174544654877663,0.18053755818414,0.224305317128982,0.243102172613825,0.245259288289555,0.233915166957115,0.210144508997849,0.189143425596975,0.166260592896292,0.153682782017278,0.137012837135717,0.124695444672219,0.110448974845844,0.0986605188699743,0.0894775750498604,0
0.0616476815939781,0.0528174423728385,0.0456306269936656,0.0342414242612817,0.0321087140142124,0.0277159406226694,0.0265994003498777,0.0269767156547116,0.020107256671206,0.0370759493588765,0.0477944034930443,0.083390589747754,0.106016928975522,0.148848033383476,0.16041760412772,0.194583814433088,0.212937651907555,0.237614692933857,0.213032565062216,0.171796476306845,0.145898897305012,0.136299913316842,0.12819854517395,0.138943907954591,0.148167426098679,0.149254908037829,0.147689134796412,0.150670317026164,0.146521070265328,0.145829603120479,0.151939564021568,0.158324697353852,0.157492582813102,0.172442440383483,0.219021471802137,0.230620679806112,0.239056594363097,0.222682761330421,0.200972005282058,0.181801181971718,0.161922727988037,0.147689134796412,0.135481734548299,0.116899101170417,0.112672426105197,0.0997287499305351,0.0917031996906789,0
0.0623414885400962,0.0550971285002239,0.0479681114023935,0.039083431251606,0.0349019276423759,0.0288345625352099,0.0236798058904044,0.0232679517615839,0.0240846182206625,0.0351778365022847,0.044191610183511,0.0803623026953377,0.0992060208070473,0.137162552748496,0.157688355266318,0.189131994864687,0.207835975152005,0.232222018792003,0.208486189847132,0.179910647221883,0.149635079525603,0.140642622514925,0.1316234117995,0.138075809026223,0.145374830062925,0.147814950006602,0.150086663029826,0.150793561949888,0.152070414223449,0.159940725321059,0.152324500305771,0.155465542113982,0.169450309307289,0.179264646402638,0.217118079957113,0.23122069748179,0.238222727032283,0.219200901348903,0.200255067638577,0.178994791294952,0.164176323481807,0.142893047368283,0.128651845772329,0.122571541649064,0.114327968632425,0.10331150255884,0.0982266678967069,0
0.0938715895927148,0.072549770216289,0.0615220820993719,0.0495410362276248,0.0498385826640237,0.0388339107488077,0.0421212901881385,0.031707755350454,0.0330770600827811,0.0428175570299982,0.0551879995972369,0.0954336201093827,0.117008263905695,0.16176988451168,0.178291349511919,0.225457132168841,0.248182225742066,0.283550647852703,0.24433979185013,0.211796525119078,0.178705499546155,0.172731531328118,0.162317330694025,0.170057373612402,0.181252109403034,0.17426543788454,0.125894986310865,0.138638138489119,0.149713389516543,0.144589164104666,0.109973410621945,0.0739625548409434,0.103461870394769,0.114840075529158,0.150403089598238,0.190944686860305,0.219946821243889,0.157697220238783,0.136380212506208,0.158818304639175,0.148124873594215,0.136921191276215,0.126129646321222,0.126363870564415,0.118764113024732,0.119755897366962,0.107388640303511,0
0.0905660985687037,0.0734218363719476,0.0579060279526451,0.059876926478216,0.0530231284792505,0.0454252256131056,0.0433923858392969,0.0454252256131056,0.0376646073439783,0.0317164377251884,0.0329137029070084,0.0336882489467893,0.0457082515638759,0.068515336258049,0.0766866070295486,0.104206101210693,0.119214175343311,0.144987614317192,0.150058023340446,0.16920515452483,0.171476466281884,0.187636976017925,0.187499462642167,0.201106046630205,0.196303208591655,0.200720908619606,0.200977749298723,0.202830117943332,0.201937992459457,0.196631420171101,0.195381283026365,0.196237500402838,0.194056648885134,0.197808472773424,0.19225391601435,0.190501828359211,0.193790635533372,0.186534030527277,0.177826849616906,0.173123157165853,0.147457167333742,0.139271104493411,0.133696093227657,0.125742571241155,0.116699517587736,0.118889192888633,0.113335710323179,0
0.102427447879006,0.0966464779383658,0.086875611086969,0.071870716221025,0.0746113650660801,0.0625100355929675,0.0549936493301944,0.0506884410903005,0.0438974776624312,0.0376626828445525,0.0362135714874385,0.0383667191539245,0.0490788720469874,0.0620804082641802,0.0703654035146253,0.0992423929778263,0.109132303916191,0.129747393191688,0.13794568453959,0.156745347459906,0.164574890402226,0.181510747273146,0.176198543014196,0.196110886268694,0.198214922083802,0.209569273966732,0.199023415944477,0.201296514890803,0.197674089091971,0.201694990730915,0.193431368322594,0.202225070464299,0.196995959858081,0.19935932068297,0.193984030501219,0.192460390818588,0.195769407886232,0.197063877791442,0.188455483963244,0.16859146194447,0.146507717524689,0.13842987586523,0.130979199866082,0.124376186710222,0.116945568211964,0.108270557629959,0.0945467384471313,0
0.0601145673082634,0.0474431973802002,0.0401335893384267,0.0380197906499219,0.0349049248229631,0.0248897955085202,0.0208242969705862,0.0261046377584817,0.0257060702653352,0.0330825239787643,0.050192706739667,0.0835447283623394,0.104121484852931,0.137157603937389,0.157940739932291,0.195877050570603,0.208143782765391,0.223361936463488,0.199429243826657,0.15754801473287,0.13457379440786,0.129809291795318,0.119020770936951,0.13549135363377,0.14021006006157,0.146687991000752,0.150988975335218,0.152959218516635,0.148228432198992,0.148715226390163,0.153834239886371,0.160405672477432,0.175409792721631,0.181086448018992,0.223731435370269,0.247024167167732,0.250015487068313,0.232867061011022,0.204591494834969,0.180515376120659,0.16659437576469,0.148019316037217,0.135719774172952,0.119712757994074,0.110098081622349,0.0984117880293213,0.087881305985313,0
0.0563408397241307,0.0488430822911204,0.0404528779103574,0.037414466069869,0.0332280144813415,0.026641681249702,0.0230723727617695,0.0258910602941358,0.0222014010414184,0.0402084474072577,0.0492450897486573,0.0831886230391787,0.103469009670264,0.145245359688497,0.145448832157653,0.169895124451241,0.202215645271154,0.240350033911505,0.206651995680206,0.175039427735095,0.143607201738517,0.135483128962386,0.127382654604174,0.133872791448527,0.146327276761,0.144905603995845,0.146192475003449,0.148268130378057,0.145652020380802,0.151425924879302,0.154837861671298,0.161384487115051,0.17006910823923,0.181400527616538,0.225144538222633,0.237876382815901,0.241658961405863,0.229051328398264,0.202459249317164,0.185856360533582,0.164829517126297,0.147334358685309,0.137218309103823,0.124169163130607,0.117562655286367,0.0979884432766072,0.0894691670979379,0
0.0610752765739245,0.0523878963999826,0.0456876337350119,0.0380730281125099,0.0357156662166234,0.0278046084396667,0.028491245374805,0.022416791983111,0.0236747709936191,0.037561957578537,0.0467332526967148,0.0809443680736652,0.105144074402267,0.142116640629707,0.156855947198783,0.198272399332509,0.214699473532331,0.236420935853689,0.205453292201371,0.174915076859807,0.141024469662821,0.136214206350132,0.126732295030857,0.138256301097624,0.147718115577907,0.145210881933583,0.145144317235181,0.148826098438222,0.14534391987439,0.149732398845448,0.149667845102915,0.156052977831954,0.166305497086043,0.174749254344864,0.219374660324702,0.236298279069375,0.235725036861762,0.223822780411893,0.199729233025445,0.180033497720584,0.162900364633832,0.147914245049874,0.14136667950755,0.128549338209413,0.11008307647556,0.102820675087054,0.0904184320194709,0
0.0733580108334644,0.0630192394664811,0.0519850810663558,0.0446929753789237,0.0381703067517929,0.0310400015117238,0.0310400015117238,0.0302734634099049,0.029487005270354,0.0381703067517929,0.0474969171295822,0.090690924176398,0.108612963596703,0.142160529041277,0.169459300091103,0.207714179202036,0.230504859997964,0.257061752242248,0.22871380830611,0.191282003368609,0.157529452817428,0.148783666459028,0.145912972276922,0.152527236824767,0.156331492824775,0.163027589745094,0.147753460904918,0.136338354197234,0.143230968065241,0.156856726101822,0.165814588034122,0.16424824939018,0.173501954007346,0.189554259552433,0.23802819897851,0.248651011019098,0.235995639398497,0.190049503399874,0.140915303337389,0.115735670818618,0.108721090018299,0.105429070040064,0.095610283520132,0.0799492248511983,0.0869876786087066,0.096100595881784,0.0973155694836072,0
0.0726793730652366,0.0609563792421986,0.0532160768237683,0.0415606684288918,0.0358528170630079,0.0297275854688123,0.0268896127972559,0.0265135157742038,0.0268896127972559,0.036408707841783,0.0418016018584657,0.0794141921239722,0.100910713714853,0.137257067946973,0.15355619659677,0.189185195459699,0.212155466474589,0.232223113328142,0.201721885412589,0.169236120399785,0.146870792690467,0.134746506226946,0.133699043874236,0.141365957320041,0.151912430601748,0.153032112485735,0.153882842778696,0.162392385383134,0.157495002243205,0.1624542138207,0.162392385383134,0.172527130845861,0.185215458623185,0.197139559971525,0.230704589995748,0.231052560917479,0.222325411602178,0.208334253882693,0.18564871174995,0.166725236918469,0.146254117639229,0.132415986392765,0.121747900047271,0.1120400533219,0.107184333703541,0.105864511447361,0.103659757656519,0
0.0950668426866754,0.0890178437570092,0.081896669219524,0.0763321712838199,0.0695884495438959,0.0614883423257794,0.0508881141892133,0.0498599654944228,0.0413416994012669,0.045515713029541,0.0309540314227684,0.0434788238224785,0.0550439115062625,0.0688401648988,0.0806219350796877,0.106135577074536,0.122449111714223,0.139826611384582,0.154435156380968,0.171667265039254,0.17450987923048,0.181564341515065,0.188903918127233,0.196496662747997,0.19859408481658,0.192367841304998,0.195836611629508,0.197088818774724,0.19497520466198,0.199374929577475,0.195306964651207,0.1999585621046,0.191963565184648,0.193842973576053,0.191558435858243,0.192165809558758,0.180778190309474,0.186142016260506,0.174212840922842,0.15593699226369,0.148013571682171,0.139083835286621,0.132406922485276,0.131818879953055,0.126300977909611,0.11966824523035,0.114243533013039,0
0.0980229796971452,0.0944379804295019,0.0869720752814907,0.0763310789215133,0.0709524000631512,0.0598133318950791,0.060661790328738,0.0482230498522654,0.042294412588372,0.0428943633003671,0.0339109717029743,0.04137817946784,0.0513041610158934,0.0643415449505507,0.0674441023412075,0.0857887266007342,0.0965784897458565,0.129770711231816,0.133555472726527,0.155563951818495,0.162080413093929,0.180150651914613,0.18560040675723,0.187518100254156,0.192029142733597,0.204717939452608,0.194541162552352,0.197927005895305,0.196371563271516,0.199278059162415,0.193817347159908,0.195719813835893,0.199213931064483,0.207261116956521,0.204593073360203,0.205900390645166,0.201509685949923,0.196306485701122,0.186218961947535,0.172172177526149,0.158008794396431,0.136956297762016,0.133172242459565,0.122372205002988,0.118338008640812,0.110637342187218,0.0936226732547072,0
0.0604345248361894,0.0519836829334067,0.0494869918034994,0.0392575769225698,0.0321632628741054,0.0308225323562978,0.0283239525774725,0.0220356557120326,0.0247434959017497,0.035590794706029,0.0464047188901236,0.0832144950354802,0.100456029453322,0.133247803335579,0.157164693943108,0.191496997712768,0.213297466742397,0.231294531864395,0.194450853261255,0.167881442865789,0.139819438466724,0.132453235706504,0.13237351662874,0.133406148968794,0.14544403718397,0.149594281746502,0.147891065531793,0.151348084701584,0.150298258725396,0.158302371043864,0.154864268669288,0.163936727739593,0.175685430259759,0.185220368083799,0.228632192159131,0.24752026671147,0.22849364117651,0.216490352461369,0.198693135630404,0.179783427416251,0.169196706505864,0.147390586717351,0.129552448253357,0.121999097729158,0.114038741616532,0.0986535057544746,0.087421115846042,0
0.0576740370119059,0.0532956967969085,0.0391450882816243,0.033204455008546,0.028998571694416,0.0262948811798033,0.0220423058726324,0.0178235747289776,0.0211775624699499,0.0364249970281244,0.0489074855712228,0.0824747565898656,0.104466434973648,0.140542554919949,0.159418898784165,0.195916300001894,0.213095111762504,0.236179673767608,0.205642382888111,0.173022111035718,0.143372775685375,0.133868887493466,0.124013872247353,0.137450374808887,0.139139432711504,0.143893186745534,0.14659503814277,0.149247985662706,0.145507475381716,0.150804964853784,0.152713574749493,0.15847836609911,0.167813531476424,0.179020354518837,0.222280352101974,0.239518762065878,0.243580330532473,0.22545236875915,0.201882271889645,0.175967151899559,0.163641497775072,0.145250394835721,0.13587789897898,0.122115782393624,0.116396347902733,0.100546968983661,0.0854788615433506,0
0.0599032769406716,0.0545674871908097,0.0409838725263606,0.036812967749034,0.0329844376207187,0.0276313212204833,0.0222770833605568,0.0218444774541177,0.0254748194405986,0.0360268351519004,0.0464419961080532,0.0803211663242731,0.105488698319192,0.138570456074146,0.160642332648546,0.191385549472492,0.216954264993373,0.237814035036317,0.20902322893997,0.175028662608814,0.14230801075882,0.136418717977024,0.122485006341406,0.143177177467846,0.144570177947125,0.144570177947125,0.144173551197177,0.150012883339003,0.147251870996136,0.15415454428308,0.154895676172194,0.157158832605111,0.164342494963353,0.180187148610451,0.221481888358907,0.235191080087281,0.242030501235045,0.227014468891948,0.19655174780935,0.17508318018142,0.159629182250617,0.142173821185593,0.134870853644072,0.124494358191476,0.107815276821657,0.100674369066665,0.09122521605919,0
0.0592360297963606,0.0512058645519232,0.0427968743385578,0.0362080140611848,0.0356715693821933,0.0256029322759616,0.0210578567466565,0.0201214788396972,0.0215107656952482,0.0342937649146726,0.0460517980501057,0.080005398136685,0.0993539709170121,0.135264351628468,0.150703345746084,0.190636443033615,0.215062838188176,0.238201987035359,0.210349553187319,0.175195029532212,0.144432151046366,0.139682019435427,0.127788553470518,0.140233035458213,0.148252721519046,0.14922488092909,0.145031595337632,0.154929787295038,0.143964190983898,0.151150442901422,0.156969644907479,0.16139048378018,0.170962102263257,0.184102499272273,0.218222097373084,0.235965680927904,0.23527015855226,0.219015795235195,0.196610830364169,0.175689543693103,0.15989026081651,0.146486577087828,0.134549796436629,0.121047840233531,0.113824273080412,0.108712751093548,0.0943781014606695,0
0.0685922232385885,0.0565979811011251,0.0426836592920685,0.04474463281168,0.0363507115363423,0.0328804557350429,0.0300156121785552,0.0249127571996787,0.0272170975898839,0.0374360456754777,0.0456307511670601,0.0737947389048137,0.0938571336020289,0.128752632322385,0.148468598166842,0.186322582498577,0.208675075412907,0.231982690318376,0.209727788275617,0.179982469804741,0.152919324130341,0.144435785607344,0.132205057786745,0.149944598829123,0.153702861236655,0.157180450189197,0.155386971510973,0.159142512839809,0.158449078112714,0.167896744725933,0.169734976834049,0.171903265710901,0.185999945750024,0.197434900059113,0.229422623404352,0.230076188369315,0.220341762977908,0.198092933853938,0.181477964562331,0.159393922969437,0.143741044755718,0.13265859276475,0.124563785998393,0.118383170924606,0.107387118748032,0.105790544496553,0.0965903871563141,0
0.0929488862411246,0.0826147771784065,0.074649009152736,0.0625249685541156,0.0600582163556482,0.0519600070170124,0.0487428071586262,0.0467062372922508,0.0399788276327748,0.0356976971160069,0.0325321101843936,0.0413073885892033,0.0460073514353853,0.0655602698903772,0.0709401585961271,0.102770536594209,0.111344851590556,0.130128440737574,0.140733945184059,0.163851249984991,0.16431196941209,0.176480540314628,0.17812508821851,0.189408302010539,0.193302399975371,0.194138607483785,0.19739332434287,0.199731996075684,0.19408297240384,0.192069377013354,0.196130960091861,0.197174363294509,0.202203887780442,0.202310676215549,0.20257740101986,0.200487537261667,0.199569722253843,0.196406077298345,0.187056025261245,0.169424684282247,0.153013178121662,0.141346500615116,0.133891572049704,0.131531705856667,0.125910580004657,0.125567030714971,0.116649926443218,0
0.107510001109444,0.0998570709414825,0.0889290682454828,0.0832451218834662,0.0741719702313938,0.0668577104678698,0.0584121246087821,0.0474152026131801,0.0448347697732224,0.0401673393471954,0.0370859851156969,0.0363658003434135,0.0479697852427296,0.0615001488047359,0.0718167013653951,0.0892259941743123,0.0997245465686354,0.134602595273097,0.142431428438477,0.1558222562395,0.166807670639998,0.185714983280326,0.187063075351514,0.190634506381388,0.193935782156125,0.198917936153935,0.199382775897487,0.1976507176273,0.191257836130985,0.193526202433556,0.199978839337612,0.198385357055913,0.199316436592407,0.202541511552125,0.199581661508928,0.200309219274301,0.197114714694383,0.193799351761359,0.180661548223046,0.168385829445915,0.155397324288762,0.141779990852654,0.13722970971676,0.122461528932791,0.110182974046738,0.101041968880477,0.0909872033898311,0
0.0585616652679503,0.0478873564647398,0.04383296494421,0.0390998628231273,0.0357894660088724,0.0287467908694253,0.021798333457905,0.0222671684588383,0.0257119114076021,0.0363621338271663,0.0506139482198382,0.0795096949275503,0.0974851108161673,0.13673624946296,0.151501315312584,0.192946438778579,0.206647241428201,0.227445074422779,0.194970221632335,0.169276863864933,0.135522141080639,0.133989035859041,0.123895000208929,0.137564733355435,0.142868947769187,0.145235319652415,0.144665208248152,0.15116001883197,0.14658044759637,0.151433117552967,0.15593643646426,0.161468961215196,0.171459606982836,0.184125383493264,0.227354223580559,0.243839898379345,0.246787474390229,0.225162806425863,0.201893769404736,0.181526367681,0.167928999127719,0.15285888110963,0.139355239063073,0.123644622721224,0.114446891905608,0.0995818046808033,0.087548020043683,0
0.0482437392612935,0.0306348050657417,0.0332779162819861,0.0303269097632396,0.0207775356924578,0.0267068038873272,0.0233307724523059,0.0203208307857488,0.0207775356924578,0.0377691242650967,0.0497756665745244,0.0847870462726856,0.104158337223522,0.14045314783003,0.160591844168101,0.19312080033873,0.220783235678678,0.239618230936276,0.201352485351363,0.175128224671738,0.138772623721886,0.133182150526121,0.125490572164448,0.133182150526121,0.147937881161726,0.13991757620234,0.14414644279534,0.148381284069182,0.14704706431556,0.151881913660597,0.154333757559187,0.159359888538857,0.168630619482064,0.18278481780063,0.219760691074785,0.237098350388226,0.24028313222678,0.228511826604196,0.200418130029707,0.174483973960748,0.159771595893998,0.145636200719469,0.135695242884126,0.128081331969775,0.120063425249114,0.102340425544369,0.0896297125339634,0
0.0643600005735255,0.0509950034629433,0.0424472417650095,0.0401997390629544,0.0307785882540195,0.021549322073301,0.0232093301693494,0.0254975017314717,0.0206693836210311,0.0368234977006675,0.0497037811366129,0.080283878528916,0.103167027771901,0.136766062280317,0.15776694173841,0.193991780131531,0.212192444269716,0.232732678391651,0.204707217633707,0.17442974925388,0.143525603226339,0.139788510611343,0.128503361440386,0.139987686932658,0.148549716768603,0.147671829792325,0.145198302312996,0.149608797146655,0.147483031296469,0.153045706685758,0.153288251539491,0.155692919912706,0.16797416647602,0.179364937946106,0.218148971853631,0.234125227572549,0.23918776791484,0.223532022591192,0.194087507638039,0.175385535856527,0.160625588054506,0.150968343276561,0.139589050090325,0.129726202954975,0.117636405071738,0.101533673509721,0.0958884298547712,0
0.0723596462140712,0.0571172471876436,0.0501723874421668,0.0388633642005956,0.0388633642005956,0.0276631453804635,0.0249856474498547,0.0253854431945083,0.0283817883109399,0.0396330104845401,0.048332443890293,0.0829894361413904,0.100945048084325,0.138315726902317,0.157320639189244,0.199733999559865,0.221577986442609,0.246856304192435,0.211915240970961,0.182174826467195,0.14917323218647,0.14183796933643,0.128425632023792,0.142263271548355,0.147544358266666,0.157768027650613,0.148767685721058,0.152378752751921,0.15231265916705,0.159608135230842,0.160049129537523,0.167428496943919,0.172639678480641,0.152114206106656,0.17040894628381,0.217264396974752,0.226477067657008,0.216475101760038,0.197758142234767,0.174726734940173,0.161987673741576,0.153825627057005,0.134252158959891,0.127323245689882,0.120831109725732,0.107981422079673,0.0970806526574991,0
0.079275790891628,0.0620832731232916,0.0500626174321759,0.045492503327928,0.0404087868405213,0.0323152805970617,0.0301888941901151,0.0265049780307133,0.0254077404963965,0.0340323159161932,0.0435739154680002,0.0750939261482638,0.0912974918573481,0.125837363890188,0.149871467170983,0.180976063013633,0.208427297105682,0.228461990585413,0.204704671246941,0.174023111803973,0.147894773329307,0.143529593760154,0.132596505878952,0.144452623168444,0.15938764111832,0.159625710916602,0.155711982887133,0.156016524509756,0.160810773294183,0.16425690126113,0.162980424186102,0.175598013694944,0.186860476153778,0.193155849111602,0.224902196408614,0.229457111043569,0.226164992388704,0.204472658624222,0.185739405093237,0.167292059733244,0.144649648888343,0.132882582815339,0.12591278335389,0.118853795280338,0.110749773207498,0.107531383349716,0.102560816323959,0
0.100062712506241,0.0921265089990967,0.075547319449155,0.0740674679953865,0.0690837544633579,0.0591043219139012,0.052724720809199,0.0495992451449124,0.0420863551004418,0.0402946172398222,0.0390544846816082,0.0377736597245775,0.0495992451449124,0.0674622670094066,0.0718761347721533,0.102611716236915,0.116002868932754,0.139848763654219,0.150768652242609,0.173313702003967,0.174375032817665,0.188346561994608,0.189388597951988,0.196840901804949,0.195461305370699,0.198520939967301,0.196465608991113,0.202326015082704,0.19337345683409,0.197277841081333,0.197090700004194,0.197776018240906,0.19577570368451,0.192544755167475,0.194515061446089,0.191455656151189,0.189907471795439,0.188281243261242,0.172102948353883,0.157940694901927,0.143837810920246,0.13852315303866,0.13852315303866,0.1257710114248,0.114401279856425,0.115364901480013,0.113103680835394,0
0.102764805573409,0.0946473737681862,0.0829625369404532,0.0782364865485253,0.0672195501631168,0.0625640007519572,0.0568439088117734,0.0472542463670333,0.0461289838422425,0.0422654828408836,0.0355101083183501,0.0393692720103712,0.055202706750249,0.0646293726844608,0.0687650290694958,0.0896586285807374,0.0968423872011031,0.126277426906828,0.132866659094498,0.159053973048987,0.166241423212696,0.180776331312776,0.179829279741542,0.193413316981627,0.199892263316384,0.202762925795445,0.204440280517854,0.20081010733188,0.198639834497273,0.197445994962702,0.191639471312007,0.194766820667246,0.190125598994597,0.206295087208487,0.208322606074196,0.208196464611783,0.206994286858848,0.193209473625871,0.175167204762583,0.163372228200502,0.154615160117432,0.144878775938138,0.13107511654254,0.122368266063036,0.112643190716787,0.104538928335023,0.0925422764252678,0
0.0652769478257185,0.0466361041239596,0.0459167380608725,0.0396952370501876,0.0322967003700128,0.0278704029384271,0.0286556383472835,0.0240212663866877,0.0215883212865237,0.0364909231755034,0.052459007297899,0.0799476070696451,0.100267070517761,0.135721381488352,0.145430559770695,0.180128698772161,0.204262268154487,0.229099846372863,0.200589468430984,0.171416734686818,0.142968065416643,0.13307935003924,0.126144640459656,0.137346845193135,0.144050586506816,0.151191660838515,0.158010332387661,0.155175836258288,0.154746183833524,0.154602701017475,0.15989521413929,0.159269398766742,0.171998357700941,0.179511606520726,0.228809048904647,0.241502652925349,0.244062177212902,0.222514855494388,0.20130734081209,0.175637248760937,0.161483501850064,0.150750653596223,0.133661756979536,0.12623257678296,0.116352077711165,0.0958538135495057,0.0847972426478754,0
